Lp.;Oddział;Województwo;Zarządca;Miejscowość;Dane identyfikacyjne;Obecna Kategoria;Kat_docel;x;y;Klasa techniczna drogi;Nr drogi;Pikietaż;Kierunek;Parking Osobowe;Parking Ciężarowe;Parking Autobus;Toalety;Stacja paliw;Restauracja /Bistro;Miejsca noclegowe;Ładowanie pojazdów elektrycznych;Ochrona;Ogrodzenie;Monitoring wideo;Oświetlenie;Miejsca dla pojazdów z ładunkiem niebezpiecznym;Myjnia;Warsztat;Miejsca zrzutu nieczystości płynnych;Prysznic;Możliwość tankowania wodorem;Możliwość tankowania CNG;Możliwość tankowania LNG;Rampy do odśnieżania
1;Białystok;podlaskie;Prywatny;Jeżewo;OOUR;Parking prywatny;Parking prywatny;53.135688;22.750355;S;8;618+260;Białystok;8;10;0;tak;tak;tak;nie;nie;nie;nie;tak;tak;nie;nie;nie;nie;tak;nie;nie;nie;nie
2;Białystok;podlaskie;Prywatny;Radule;OOUR;Parking prywatny;Parking prywatny;53.144893;22.793501;S;8;621+400;Warszawa;60;250;20;tak;tak;tak;tak;nie;tak;tak;tak;tak;nie;nie;tak;nie;tak;nie;nie;nie;nie
3;Białystok;podlaskie;Prywatny;Złotoria;OOUR;Parking prywatny;Parking prywatny;53.164913;22.935965;S;8;631+150;Warszawa;52;100;6;tak;tak;tak;tak;nie;nie;nie;tak;tak;nie;nie;nie;nie;nie;nie;nie;nie;nie
4;Białystok;podlaskie;GDDKiA;Chomentowo;Chomentowo Wschód;MOP funkcja komercyjna;MOP funkcja komercyjna;53.06402;21.981691;S;61;31+620;Budzisko;81;34;6;tak;tak;tak;nie;tak;tak;tak;tak;tak;tak;nie;nie;tak;tak;nie;nie;nie;tak
5;Białystok;podlaskie;GDDKiA;Chomentowo;Chomentowo Zachód;MOP funkcja komercyjna;MOP funkcja komercyjna;53.064462;21.978905;S;61;31+242;Warszawa;93;40;7;tak;tak;tak;nie;tak;tak;tak;tak;tak;tak;nie;nie;tak;tak;nie;nie;nie;tak
6;Białystok;podlaskie;GDDKiA;Górki;Górki Wschód;MOP funkcja podstawowa;MOP funkcja komercyjna;53.270723;22.127441;S;61;60+300;Budzisko;80;39;8;tak;nie;nie;nie;nie;nie;nie;nie;tak;tak;nie;nie;tak;tak;nie;nie;nie;nie
7;Białystok;podlaskie;GDDKiA;Górki;Górki Zachód;MOP funkcja podstawowa;MOP funkcja komercyjna;53.270702;22.125636;S;61;60+700;Warszawa;74;36;6;tak;nie;nie;nie;nie;nie;nie;nie;tak;tak;nie;nie;tak;tak;nie;nie;nie;nie
8;Białystok;podlaskie;GDDKiA;Zabiele;Zabiele Wschód;MOP funkcja podstawowa;MOP funkcja komercyjna;53.4264;22.1692;S;61;79+250;Budzisko;88;45;7;tak;nie;nie;nie;nie;nie;tak;nie;tak;tak;nie;nie;tak;tak;nie;nie;nie;nie
9;Białystok;podlaskie;GDDKiA;Zabiele;Zabiele Zachód;MOP funkcja podstawowa;MOP funkcja komercyjna;53.4311;22.1711;S;61;79+250;Warszawa;100;52;9;tak;nie;nie;nie;nie;nie;tak;nie;tak;tak;nie;nie;tak;tak;nie;nie;nie;nie
10;Białystok;podlaskie;GDDKiA;Rudniki;Rudniki Północ;MOP funkcja komercyjna;MOP funkcja komercyjna;53.998948;22.825379;S;61f;4+750;Warszawa;30;22;2;tak;tak;tak;nie;nie;nie;tak;tak;tak;tak;nie;nie;tak;tak;nie;nie;nie;nie
11;Białystok;podlaskie;GDDKiA;Rudniki;Rudniki Południe;MOP funkcja komercyjna;MOP funkcja komercyjna;53.997753;22.82569;S;61f;4+750;Suwałki;40;24;2;tak;tak;tak;nie;tak;nie;tak;tak;tak;tak;nie;nie;tak;tak;nie;nie;nie;nie
12;Białystok;podlaskie;GDDKiA;Gosie Małe;Kołaki;MOP funkcja komercyjna;MOP funkcja komercyjna;53.03939;22.355731;S;8n;3+480;Warszawa;62;20;3;tak;tak;tak;nie;tak;tak;tak;tak;tak;tak;nie;nie;tak;tak;nie;nie;nie;tak
13;Białystok;podlaskie;GDDKiA;Kossaki-Borowe;Kossaki;MOP funkcja podstawowa;MOP funkcja komercyjna;53.058224;22.398749;S;8n;6+680;Białystok;63;15;5;tak;nie;nie;nie;nie;tak;tak;nie;tak;tak;nie;nie;tak;tak;nie;nie;nie;nie
14;Białystok;podlaskie;GDDKiA;Ostrożne;Ostrożne;MOP funkcja podstawowa;MOP funkcja podstawowa;52.947615;22.167657;S;8;573+000;Białystok;73;21;5;tak;nie;nie;nie;nie;nie;tak;nie;tak;tak;nie;nie;tak;tak;nie;nie;nie;nie
15;Białystok;podlaskie;Prywatny;Szumowo;OOUR;Parking prywatny;Parking prywatny;52.908332;22.093181;S;8;566+460;Warszawa;50;250;4;tak;tak;tak;tak;tak;nie;tak;tak;tak;nie;nie;nie;nie;tak;nie;nie;nie;nie
16;Białystok;podlaskie;GDDKiA;Cibory;Cibory Południe;MOP funkcja podstawowa;MOP funkcja komercyjna;53.109715;22.587884;S;8n;21+000;Białystok;72;34;4;tak;nie;nie;nie;nie;tak;tak;nie;tak;tak;nie;nie;tak;tak;nie;nie;nie;nie
17;Białystok;podlaskie;GDDKiA;Cibory;Cibory Północ;MOP funkcja podstawowa;MOP funkcja podstawowa;53.110246;22.586114;S;8n;21+150;Warszawa;59;28;2;tak;nie;nie;nie;nie;tak;tak;nie;tak;tak;nie;nie;tak;tak;nie;nie;nie;tak
18;Białystok;podlaskie;GDDKiA;Budzisko;Budzisko Wschód;MOP funkcja podstawowa;MOP funkcja podstawowa;54.29972;23.12055;S;61;212+167;Podwojponie;32;44;6;tak;nie;nie;nie;nie;nie;tak;nie;tak;tak;nie;nie;tak;tak;nie;nie;nie;nie
19;Białystok;podlaskie;GDDKiA;Budzisko;Budzisko Zachód;MOP funkcja podstawowa;MOP funkcja podstawowa;54.302692;23.114868;S;61;212+200;Ostrów Mazowiecka;32;44;6;tak;nie;nie;nie;nie;nie;tak;nie;tak;tak;nie;nie;tak;tak;nie;nie;nie;tak
20;Bydgoszcz;kujawsko - pomorskie;Koncesjonariusz - GTC;Gajewo;Gajewo Wschód;MOP funkcja podstawowa;MOP funkcja podstawowa;53.628883;18.640915;A;1;71+200;Gdańsk;32;23;3;tak;nie;nie;nie;tak;nie;tak;nie;tak;nie;nie;nie;nie;nie;nie;nie;nie;nie
21;Bydgoszcz;kujawsko - pomorskie;Koncesjonariusz - GTC;Gajewo;Gajewo Zachód;MOP funkcja podstawowa;MOP funkcja podstawowa;53.644396;18.640382;A;1;69+500;Łódź;32;23;3;tak;nie;nie;nie;tak;nie;tak;nie;tak;nie;nie;nie;nie;nie;nie;nie;nie;nie
22;Bydgoszcz;kujawsko - pomorskie;Koncesjonariusz - GTC;Malankowo;Malankowo Wschód;MOP funkcja komercyjna;MOP funkcja komercyjna;53.341425;18.708027;A;1;107+200;Łódź;163;35;8;tak;tak;tak;nie;tak;nie;tak;tak;tak;tak;nie;nie;nie;tak;nie;nie;nie;nie
23;Bydgoszcz;kujawsko - pomorskie;Koncesjonariusz - GTC;Malankowo;Malankowo Zachód;MOP funkcja komercyjna;MOP funkcja komercyjna;53.34701;18.709017;A;1;106+550;Gdańsk;175;35;8;tak;tak;tak;nie;tak;nie;tak;tak;tak;tak;nie;nie;nie;tak;nie;nie;nie;nie
24;Bydgoszcz;kujawsko - pomorskie;Koncesjonariusz - GTC;Drzonowo;Drzonowo Zachód;MOP funkcja podstawowa;MOP funkcja podstawowa;53.258179;18.723901;A;1;116+650;Łódź;51;14;3;tak;nie;nie;nie;nie;nie;tak;nie;tak;nie;nie;nie;nie;nie;nie;nie;nie;nie
25;Bydgoszcz;kujawsko - pomorskie;Koncesjonariusz - GTC;Drzonowo;Drzonowo Wschód;MOP funkcja podstawowa;MOP funkcja podstawowa;53.25952;18.724986;A;1;116+500;Gdańsk;59;21;3;tak;nie;nie;nie;nie;nie;tak;nie;tak;nie;nie;nie;nie;nie;nie;nie;nie;nie
26;Bydgoszcz;kujawsko - pomorskie;Koncesjonariusz - GTC;Nowy Dwór;Nowy Dwór Wschód;MOP funkcja podstawowa;MOP funkcja podstawowa;53.143102;18.743524;A;1;129+650;Gdańsk;48;13;4;tak;nie;nie;nie;nie;nie;tak;nie;tak;nie;nie;nie;nie;nie;nie;nie;nie;nie
27;Bydgoszcz;kujawsko - pomorskie;Koncesjonariusz - GTC;Nowy Dwór;Nowy Dwór Zachód;MOP funkcja podstawowa;MOP funkcja podstawowa;53.142957;18.741344;A;1;129+700;Łódź;32;15;3;tak;nie;nie;nie;nie;nie;tak;nie;tak;nie;nie;nie;nie;nie;nie;nie;nie;nie
28;Bydgoszcz;kujawsko - pomorskie;Koncesjonariusz - GTC;Nowa Wieś;Nowa Wieś Wschód;MOP funkcja podstawowa;MOP funkcja komercyjna;53.01219;18.734027;A;1;144+550;Łódź;63;18;4;tak;nie;nie;nie;nie;nie;tak;nie;tak;tak;nie;nie;nie;nie;nie;nie;nie;nie
29;Bydgoszcz;kujawsko - pomorskie;Koncesjonariusz - GTC;Nowa Wieś;Nowa Wieś Zachód;MOP funkcja podstawowa;MOP funkcja komercyjna;53.01253;18.736212;A;1;144+600;Gdańsk;121;29;7;tak;nie;nie;nie;nie;nie;tak;nie;tak;tak;nie;nie;nie;nie;nie;nie;nie;nie
30;Bydgoszcz;kujawsko - pomorskie;GDDKiA;Otłoczyn;Otłoczyn Zachód;MOP funkcja komercyjna;MOP funkcja komercyjna;52.900903;18.721658;A;1;160+200;Łódź;127;29;6;tak;tak;tak;nie;nie;nie;tak;tak;tak;tak;nie;nie;nie;tak;nie;nie;nie;nie
31;Bydgoszcz;kujawsko - pomorskie;GDDKiA;Otłoczyn;Otłoczyn Wschód;MOP funkcja komercyjna;MOP funkcja komercyjna;52.90178;18.723333;A;1;160+200;Gdańsk;141;46;6;tak;tak;tak;nie;tak;nie;tak;tak;tak;tak;nie;nie;nie;tak;nie;nie;nie;nie
32;Bydgoszcz;kujawsko - pomorskie;GDDKiA;Kałęczynek;Kałęczynek Zachód;MOP funkcja podstawowa;MOP funkcja podstawowa;52.761867;18.85356;A;1;178+400;Łódź;30;32;3;tak;nie;nie;nie;tak;nie;tak;tak;tak;nie;nie;nie;nie;tak;nie;nie;nie;nie
33;Bydgoszcz;kujawsko - pomorskie;GDDKiA;Kałęczynek;Kałęczynek Wschód;MOP funkcja podstawowa;MOP funkcja podstawowa;52.761075;18.855626;A;1;178+600;Gdańsk;36;35;3;tak;nie;nie;nie;tak;nie;tak;tak;tak;nie;nie;nie;nie;tak;nie;nie;nie;nie
34;Bydgoszcz;kujawsko - pomorskie;GDDKiA;Machnacz;Machnacz Południe;MOP funkcja komercyjna;MOP funkcja komercyjna;52.654912;18.929433;A;1;191+800;Łódź;83;17;5;tak;tak;tak;nie;tak;nie;tak;tak;tak;tak;nie;nie;tak;tak;nie;nie;nie;nie
35;Bydgoszcz;kujawsko - pomorskie;GDDKiA;Machnacz;Machnacz Północ;MOP funkcja komercyjna;MOP funkcja komercyjna;52.655884;18.931472;A;1;191+900;Gdańsk;133;38;7;tak;tak;tak;nie;nie;nie;tak;tak;tak;tak;nie;nie;tak;tak;nie;nie;nie;nie
36;Bydgoszcz;kujawsko - pomorskie;GDDKiA;Ludwinowo;Ludwinowo Południe;MOP funkcja podstawowa;MOP funkcja podstawowa;52.567437;19.011892;A;1;203+200;Łódź;30;22;2;tak;nie;nie;nie;tak;nie;tak;tak;tak;nie;nie;nie;nie;tak;nie;nie;nie;nie
37;Bydgoszcz;kujawsko - pomorskie;GDDKiA;Ludwinowo;Ludwinowo Północ;MOP funkcja podstawowa;MOP funkcja podstawowa;52.567698;19.014121;A;1;203+300;Gdańsk;23;20;2;tak;nie;nie;nie;tak;nie;tak;tak;tak;nie;nie;nie;nie;tak;nie;nie;nie;nie
38;Bydgoszcz;kujawsko - pomorskie;GDDKiA;Lubień;Lubień Południe;MOP funkcja komercyjna;MOP funkcja komercyjna;52.464871;19.190171;A;1;220+200;Łódź;144;33;5;tak;tak;tak;nie;nie;nie;tak;tak;tak;tak;nie;nie;tak;tak;nie;nie;nie;nie
39;Bydgoszcz;kujawsko - pomorskie;GDDKiA;Lubień;Lubień Północ;MOP funkcja komercyjna;MOP funkcja komercyjna;52.466344;19.191928;A;1;220+200;Gdańsk;92;26;4;tak;tak;tak;nie;nie;nie;tak;tak;tak;tak;nie;nie;tak;tak;nie;nie;nie;nie
40;Bydgoszcz;łódzkie;GDDKiA;Strzelce;Strzelce Południe;MOP funkcja podstawowa;MOP funkcja podstawowa;52.33905;19.355812;A;1;238+400;Łódź;30;35;6;tak;nie;nie;nie;nie;nie;tak;tak;tak;tak;nie;nie;nie;nie;nie;nie;nie;nie
41;Bydgoszcz;łódzkie;GDDKiA;Strzelce;Strzelce Północ;MOP funkcja podstawowa;MOP funkcja podstawowa;52.34073;19.356848;A;1;238+400;Gdańsk;33;27;6;tak;nie;nie;nie;nie;nie;tak;tak;tak;nie;nie;nie;nie;nie;nie;nie;nie;nie
42;Bydgoszcz;kujawsko - pomorskie;GDDKiA;Żnin;Żnin Zachód;MOP funkcja komercyjna;MOP funkcja komercyjna;52.83534;17.691585;S;5;109+500;Poznań;76;22;4;tak;tak;tak;nie;tak;tak;tak;tak;tak;tak;nie;nie;tak;tak;nie;nie;nie;nie
43;Bydgoszcz;kujawsko - pomorskie;GDDKiA;Żnin;Żnin Wschód;MOP funkcja podstawowa;MOP funkcja podstawowa;52.835483;17.693924;S;5;109+500;Nowe Marzy;76;20;4;tak;nie;nie;nie;nie;tak;tak;tak;tak;tak;nie;nie;tak;tak;nie;nie;nie;nie
44;Bydgoszcz;kujawsko - pomorskie;GDDKiA;Osówiec;Szczutki Północ;MOP funkcja podstawowa;MOP funkcja podstawowa;53.199758;17.902864;S;5;61+800;Poznań;44;20;4;tak;nie;nie;nie;nie;tak;tak;tak;tak;tak;nie;nie;tak;tak;nie;nie;nie;nie
45;Bydgoszcz;kujawsko - pomorskie;GDDKiA;Osówiec;Szczutki Południe;MOP funkcja podstawowa;MOP funkcja podstawowa;53.198557;17.903743;S;5;61+800;Nowe Marzy;44;20;4;tak;nie;nie;nie;nie;tak;tak;tak;tak;tak;nie;nie;tak;tak;nie;nie;nie;nie
46;Bydgoszcz;kujawsko - pomorskie;GDDKiA;Gruczno;Gruczno Zachód;MOP funkcja komercyjna;MOP funkcja komercyjna;53.34379;18.296297;S;5;27+500;Poznań;40;28;4;tak;tak;tak;nie;tak;tak;tak;tak;tak;tak;nie;nie;tak;tak;nie;nie;nie;tak
47;Bydgoszcz;kujawsko - pomorskie;GDDKiA;Gruczno;Gruczno Wschód;MOP funkcja podstawowa;MOP funkcja komercyjna;53.342035;18.297284;S;5;27+700;Nowe Marzy;40;26;4;tak;nie;nie;nie;nie;tak;tak;tak;tak;tak;nie;nie;tak;tak;nie;nie;nie;nie
48;Bydgoszcz;kujawsko - pomorskie;Prywatny;Białe Błota;OOUR;Parking prywatny;Parking prywatny;53.088099;17.903862;S;10e;0+900;Szczecin;20;8;0;tak;tak;nie;nie;nie;nie;nie;nie;tak;nie;nie;nie;nie;nie;nie;nie;nie;nie
49;Gdańsk;pomorskie;Koncesjonariusz - GTC;Kleszczewko;Kleszczewko Zachód;MOP funkcja komercyjna;MOP funkcja komercyjna;54.191056;18.631245;A;1;6+400 ;Łódź;114;24;2;tak;tak;tak;nie;tak;nie;tak;nie;tak;nie;nie;nie;nie;tak;nie;nie;nie;nie
50;Gdańsk;pomorskie;Koncesjonariusz - GTC;Kleszczewko;Kleszczewko Wschód;MOP funkcja komercyjna;MOP funkcja komercyjna;54.192148;18.632994;A;1;6+350 ;Gdańsk;117;24;2;tak;tak;tak;nie;tak;nie;tak;nie;tak;nie;nie;nie;nie;tak;nie;nie;nie;nie
51;Gdańsk;pomorskie;Koncesjonariusz - GTC;Olsze;Olsze Zachód;MOP funkcja komercyjna;MOP funkcja komercyjna;53.887667;18.629546;A;1;42+100 ;Łódź;92;21;2;tak;tak;tak;nie;tak;nie;tak;nie;tak;tak;nie;nie;nie;tak;nie;nie;nie;nie
52;Gdańsk;pomorskie;Koncesjonariusz - GTC;Olsze;Olsze Wschód;MOP funkcja komercyjna;MOP funkcja komercyjna;53.887711;18.631981;A;1;42+050 ;Gdańsk;68;15;2;tak;tak;tak;nie;tak;nie;tak;nie;tak;tak;nie;nie;nie;tak;nie;nie;nie;nie
53;Gdańsk;pomorskie;GDDKiA;Mała Holandia;Mała Holandia;MOP funkcja komercyjna;MOP funkcja komercyjna;54.229543;19.048087;S;7i;33+720 ;Warszawa;83;28;5;tak;tak;tak;nie;nie;tak;tak;tak;tak;tak;nie;nie;tak;tak;nie;nie;nie;nie
54;Gdańsk;pomorskie;GDDKiA;Koszwały;Koszwały;MOP funkcja komercyjna;MOP funkcja komercyjna;54.303842;18.798959;S;7i;15+000;Gdańsk;47;25;2;tak;tak;tak;nie;nie;tak;tak;tak;tak;tak;nie;nie;nie;tak;nie;nie;nie;nie
55;Gdańsk;pomorskie;GDDKiA;Kamień;Kamień Północ;MOP funkcja komercyjna;MOP funkcja komercyjna;54.477782;18.275331;S;6e;25+000;Szczecin;140;34;4;tak;tak;tak;nie;nie;tak;tak;tak;tak;tak;nie;nie;nie;tak;nie;nie;nie;tak
56;Gdańsk;pomorskie;GDDKiA;Kamień;Kamień Południe;MOP funkcja komercyjna;MOP funkcja komercyjna;54.476174;18.278891;S;6e;25+000;Gdańsk;139;35;4;tak;tak;tak;nie;nie;tak;tak;tak;tak;tak;nie;nie;nie;tak;nie;nie;nie;tak
57;Katowice;śląskie;GDDKiA;Bobrowniki;Dobieszowice Zachód;MOP funkcja podstawowa;MOP funkcja podstawowa;50.405355;19.016095;A;1d;6+600;Ostrava;75;33;2;tak;nie;nie;nie;tak;nie;tak;nie;tak;nie;nie;nie;tak;nie;nie;nie;nie;nie
58;Katowice;śląskie;GDDKiA;Bobrowniki;Dobieszowice Wschód;MOP funkcja podstawowa;MOP funkcja podstawowa;50.404405;19.016975;A;1d;6+600;Łódź;70;13;3;tak;nie;nie;nie;tak;nie;tak;nie;tak;nie;nie;nie;tak;nie;nie;nie;nie;nie
59;Katowice;śląskie;GDDKiA;Zbrosławice;Wieszowa Północ;MOP funkcja komercyjna;MOP funkcja komercyjna;50.371763;18.741567;A;1c;14+850;Ostrava;169;81;2;tak;tak;tak;tak;tak;nie;tak;tak;tak;tak;nie;tak;tak;tak;nie;nie;nie;nie
60;Katowice;śląskie;GDDKiA;Zbrosławice;Wieszowa Południe;MOP funkcja komercyjna;MOP funkcja komercyjna;50.370654;18.742876;A;1c;14+850;Łódź;128;54;9;tak;tak;tak;nie;tak;nie;tak;tak;tak;tak;nie;tak;tak;tak;nie;nie;nie;nie
61;Katowice;śląskie;GDDKiA;Knurów;Knurów Zachód;MOP funkcja podstawowa;MOP funkcja podstawowa;50.196258;18.701266;A;1a;7+950;Ostrava;63;14;2;tak;nie;nie;nie;nie;nie;tak;nie;tak;nie;nie;nie;nie;nie;nie;nie;nie;nie
62;Katowice;śląskie;GDDKiA;Knurów;Knurów Wschód;MOP funkcja podstawowa;MOP funkcja podstawowa;50.196389;18.703133;A;1a;7+950;Łódź;63;14;2;tak;nie;nie;nie;nie;nie;tak;nie;tak;nie;nie;nie;nie;nie;nie;nie;nie;nie
63;Katowice;śląskie;GDDKiA;Żory;Rowień Zachód;MOP funkcja komercyjna;MOP funkcja komercyjna;50.074691;18.662733;A;1a;22+700;Ostrava;64;35;0;tak;tak;tak;nie;nie;nie;tak;tak;tak;tak;nie;tak;nie;tak;nie;nie;nie;nie
64;Katowice;śląskie;GDDKiA;Żory;Rowień Wschód;MOP funkcja komercyjna;MOP funkcja komercyjna;50.074911;18.664439;A;1a;22+450;Łódź;96;18;0;tak;tak;tak;nie;nie;nie;tak;tak;tak;tak;nie;tak;nie;tak;nie;nie;nie;nie
65;Katowice;śląskie;GDDKiA;Mszana;Mszana Północ;MOP funkcja komercyjna;MOP funkcja komercyjna;49.960473;18.526023;A;1a;39+500;Ostrava;161;21;6;tak;tak;tak;tak;nie;nie;tak;tak;tak;tak;nie;tak;tak;tak;nie;nie;nie;nie
66;Katowice;śląskie;GDDKiA;Mszana;Mszana Południe;MOP funkcja podstawowa;MOP funkcja komercyjna;49.956965;18.521657;A;1a;39+800;Łódź;144;37;10;tak;nie;nie;nie;nie;tak;tak;nie;tak;nie;nie;nie;nie;tak;nie;nie;nie;tak
67;Katowice;śląskie;GDDKiA;Rudziniec;Chechło;MOP funkcja podstawowa;MOP funkcja podstawowa;50.424238;18.390793;A;4;282+600;Kraków;59;17;1;tak;nie;tak;nie;tak;nie;tak;nie;tak;nie;nie;nie;nie;tak;nie;nie;nie;nie
68;Katowice;śląskie;GDDKiA;Rudziniec;Proboszczowice;MOP funkcja podstawowa;MOP funkcja podstawowa;50.425051;18.391995;A;4;282+600;Wrocław;59;40;1;tak;nie;tak;nie;tak;nie;tak;nie;tak;nie;nie;nie;nie;tak;nie;nie;nie;nie
69;Katowice;śląskie;GDDKiA;Sośnicowice;Kozłów;MOP funkcja komercyjna;MOP funkcja komercyjna;50.311279;18.551524;A;4;300+240;Wrocław;90;35;6;tak;tak;tak;nie;nie;nie;tak;tak;tak;tak;nie;tak;tak;tak;nie;nie;nie;nie
70;Katowice;śląskie;GDDKiA;Sośnicowice;Rachowice;MOP funkcja komercyjna;MOP funkcja komercyjna;50.311456;18.550291;A;4;300+240;Kraków;91;30;7;tak;tak;tak;nie;nie;nie;tak;tak;tak;tak;nie;tak;tak;tak;nie;nie;nie;nie
71;Katowice;śląskie;GDDKiA;Ruda Śląska;Wirek;MOP funkcja komercyjna;MOP funkcja komercyjna;50.252372;18.882561;A;4;327+503;Wrocław;99;48;0;tak;tak;tak;tak;nie;nie;tak;tak;tak;tak;nie;nie;tak;tak;nie;nie;nie;nie
72;Katowice;śląskie;GDDKiA;Ruda Śląska;Halemba;MOP funkcja komercyjna;MOP funkcja komercyjna;50.251422;18.881741;A;4;327+488;Kraków;70;35;0;tak;tak;tak;nie;nie;nie;tak;tak;tak;tak;nie;nie;tak;tak;nie;nie;nie;nie
73;Katowice;śląskie;Koncesjonariusz - SAM;Jaworzno;Kępnica;MOP funkcja komercyjna;MOP funkcja komercyjna;50.147905;19.298005;A;4;362+100;Kraków;50;50;0;tak;tak;tak;tak;tak;nie;tak;tak;tak;tak;tak;nie;tak;tak;nie;nie;nie;nie
74;Katowice;śląskie;Koncesjonariusz - SAM;Jaworzno;Zastawie;MOP funkcja komercyjna;MOP funkcja komercyjna;50.149486;19.298655;A;4;362+100;Katowice;50;30;0;tak;tak;tak;tak;tak;nie;tak;tak;tak;tak;tak;nie;tak;tak;nie;nie;nie;nie
75;Katowice;śląskie;Prywatny;Sosnowiec;OOUR;Parking prywatny;Parking prywatny;50.292276;19.217295;S;1;538+010;Zwardoń;22;7;0;tak;tak;tak;nie;nie;nie;tak;tak;tak;nie;nie;nie;nie;tak;nie;nie;nie;nie
76;Katowice;śląskie;Prywatny;Lędziny;OOUR;Parking prywatny;Parking prywatny;50.146603;19.10585;S;1;558+394;Zwardoń;15;21;0;tak;tak;tak;nie;nie;nie;tak;tak;tak;nie;nie;nie;nie;tak;nie;nie;nie;nie
77;Katowice;śląskie;Prywatny;Sosnowiec;OOUR;Parking prywatny;Parking prywatny;50.26764;19.195493;S;1;541+348;Pyrzowice;15;8;0;tak;tak;tak;nie;nie;nie;tak;tak;tak;nie;nie;nie;nie;tak;nie;nie;nie;nie
78;Katowice;śląskie;Prywatny;Lędziny;OOUR;Parking prywatny;Parking prywatny;50.1463;19.107534;S;1;558+445;Pyrzowice;16;18;0;tak;tak;tak;nie;nie;nie;tak;tak;tak;nie;nie;nie;nie;tak;nie;nie;nie;nie
79;Katowice;śląskie;Prywatny;Jasienica;OOUR;Parking prywatny;Parking prywatny;49.812692;18.921002;S;52;24+600;Cieszyn;50;10;0;tak;tak;tak;nie;nie;nie;tak;tak;tak;nie;nie;nie;nie;tak;nie;nie;nie;nie
80;Katowice;śląskie;Prywatny;Świętoszówka;OOUR;Parking prywatny;Parking prywatny;49.804734;18.890421;S;52;22+010;Bielsko-Biała;50;6;0;tak;tak;tak;tak;nie;tak;tak;tak;tak;nie;nie;nie;nie;tak;nie;nie;nie;nie
81;Katowice;śląskie;Prywatny;Pogórze;OOUR;Parking prywatny;Parking prywatny;49.795932;18.834883;S;52;17+510;Bielsko-Biała;20;20;0;tak;tak;tak;nie;nie;tak;tak;tak;tak;nie;tak;tak;nie;tak;nie;nie;nie;nie
82;Katowice;śląskie;Prywatny;Ogrodzona;OOUR;Parking prywatny;Parking prywatny;49.765278;18.700954;S;52;6+504;Cieszyn;10;35;0;tak;tak;tak;nie;nie;tak;tak;tak;tak;tak;nie;nie;nie;tak;nie;nie;nie;nie
83;Katowice;śląskie;Prywatny;Gumna;OOUR;Parking prywatny;Parking prywatny;49.76472;18.700967;S;52;6+432;Bielsko-Biała;10;40;0;tak;tak;tak;nie;nie;tak;tak;tak;tak;tak;nie;nie;nie;tak;nie;nie;nie;nie
84;Katowice;śląskie;Prywatny;Cieszyn;OOUR;Parking prywatny;Parking prywatny;49.766319;18.653617;S;52;3+077;Cieszyn;10;18;0;tak;tak;tak;tak;nie;tak;tak;tak;tak;nie;nie;nie;nie;tak;nie;nie;nie;nie
85;Katowice;śląskie;Prywatny;Cieszyn;OOUR;Parking prywatny;Parking prywatny;49.765495;18.650694;S;52;2+849;Bielsko-Biała;36;38;0;tak;tak;tak;nie;nie;tak;tak;tak;tak;tak;nie;nie;nie;tak;nie;nie;nie;nie
86;Katowice;śląskie;GDDKiA;Woźniki;Woźniki Wschód;MOP funkcja komercyjna;MOP funkcja komercyjna;50.576061;19.050975;A;1;461+300;Łódź;46;25;8;tak;tak;tak;nie;tak;tak;tak;tak;tak;tak;nie;nie;tak;tak;nie;nie;nie;tak
87;Katowice;śląskie;GDDKiA;Woźniki;Woźniki Zachód;MOP funkcja komercyjna;MOP funkcja komercyjna;50.57463;19.049527;A;1;461+300;Ostrava;85;40;8;tak;tak;tak;nie;tak;tak;tak;tak;tak;tak;nie;nie;tak;tak;nie;nie;nie;tak
88;Katowice;śląskie;GDDKiA;Starcza;Starcza Wschód;MOP funkcja podstawowa;MOP funkcja podstawowa;50.689377;19.057962;A;1;448+200;Łódź;25;34;5;tak;nie;nie;nie;nie;tak;tak;nie;tak;nie;nie;nie;nie;tak;nie;nie;nie;nie
89;Katowice;śląskie;GDDKiA;Starcza;Starcza Zachód;MOP funkcja podstawowa;MOP funkcja podstawowa;50.689425;19.055564;A;1;448+200;Ostrava;25;34;5;tak;nie;nie;nie;nie;tak;tak;nie;tak;nie;nie;nie;nie;tak;nie;nie;nie;nie
90;Katowice;śląskie;GDDKiA;Wierzchowisko;Wierzchowisko Wschód;MOP funkcja podstawowa;MOP funkcja komercyjna;50.876095;19.145181;A;1;420+150;Łódź;70;43;5;tak;nie;nie;nie;nie;tak;tak;nie;tak;tak;nie;nie;tak;tak;nie;nie;nie;nie
91;Katowice;śląskie;GDDKiA;Wierzchowisko;Wierzchowisko Zachód;MOP funkcja podstawowa;MOP funkcja komercyjna;50.877679;19.143368;A;1;420+150;Ostrava;84;50;5;tak;nie;nie;nie;nie;tak;tak;nie;tak;tak;nie;nie;tak;tak;nie;nie;nie;nie
92;Katowice;śląskie;GDDKiA;Gorzelanka;Gorzelanka Wschód;MOP funkcja podstawowa;MOP funkcja podstawowa;50.812814;19.019312;A;1;432+800;Łódź;61;50;3;tak;nie;nie;nie;nie;tak;tak;nie;tak;tak;nie;nie;tak;tak;nie;nie;nie;nie
93;Katowice;śląskie;GDDKiA;Gorzelanka;Gorzelanka Zachód;MOP funkcja podstawowa;MOP funkcja podstawowa;50.813357;19.01795;A;1;432+800;Ostrava;61;53;2;tak;nie;nie;nie;nie;tak;tak;nie;tak;tak;nie;nie;tak;tak;nie;nie;nie;nie
94;Katowice;śląskie;GDDKiA;Dankowice;Dankowice Zachód;MOP funkcja podstawowa;MOP funkcja komercyjna;49.938473;19.10589;S;1h;28,4;Zwardoń;77;32;4;tak;nie;nie;nie;nie;nie;tak;nie;tak;tak;nie;nie;tak;tak;nie;nie;nie;nie
95;Katowice;śląskie;GDDKiA;Dankowice;Dankowice Wschód;MOP funkcja podstawowa;MOP funkcja komercyjna;49.938473;19.10589;S;1h;28,4;Łódź;77;32;4;tak;nie;nie;nie;nie;nie;tak;nie;tak;tak;nie;nie;tak;tak;nie;nie;nie;nie
96;Kielce;świętokrzyskie;GDDKiA;Suchedniów;Suchedniów Zachód;MOP funkcja komercyjna;MOP funkcja komercyjna;51.030799;20.816958;S;7f;7+850;Kraków;59;15;3;tak;tak;tak;nie;nie;tak;tak;tak;tak;tak;nie;tak;tak;tak;nie;nie;nie;nie
97;Kielce;świętokrzyskie;GDDKiA;Występa;Występa Zachód;MOP funkcja podstawowa;MOP funkcja podstawowa;50.974592;20.741088;S;7f;16+500;Kraków;25;10;4;tak;nie;nie;nie;nie;nie;tak;tak;tak;tak;nie;nie;tak;tak;nie;nie;nie;nie
98;Kielce;świętokrzyskie;GDDKiA;Szewce;Szewce Wschód;MOP funkcja komercyjna;MOP funkcja komercyjna;50.841441;20.484607;S;7k;17+400;Warszawa;37;16;2;tak;tak;tak;nie;tak;tak;tak;tak;tak;tak;nie;nie;tak;tak;nie;nie;nie;nie
99;Kielce;świętokrzyskie;GDDKiA;Szewce;Szewce Zachód;MOP funkcja komercyjna;MOP funkcja komercyjna;50.841885;20.482369;S;7k;17+500;Kraków;66;16;2;tak;tak;tak;nie;tak;tak;tak;tak;tak;tak;nie;nie;tak;tak;nie;nie;nie;nie
100;Kielce;świętokrzyskie;Prywatny;Występa;OOUR;Parking prywatny;Parking prywatny;50.9732;20.741095;S;7f;16+500;Warszawa;42;12;0;tak;tak;tak;nie;nie;tak;tak;tak;tak;tak;nie;nie;nie;nie;nie;nie;nie;nie
101;Kielce;świętokrzyskie;GDDKiA;Smyków;Smyków;MOP funkcja podstawowa;MOP funkcja komercyjna;50.703226;20.401754;S;7r;14+000;Warszawa;123;40;5;tak;nie;nie;nie;nie;nie;tak;nie;tak;tak;nie;nie;tak;tak;nie;nie;nie;nie
102;Kielce;świętokrzyskie;GDDKiA;Podlesie;Podlesie;MOP funkcja podstawowa;MOP funkcja podstawowa;50.682744;20.353821;S;7r;17+750;Kraków;87;40;4;tak;nie;nie;nie;nie;nie;tak;nie;tak;tak;nie;nie;tak;tak;nie;nie;nie;nie
103;Kielce;świętokrzyskie;GDDKiA;Potok Mały;Potok Mały;MOP funkcja komercyjna;MOP funkcja komercyjna;50.59717;20.25442;S;7p;6+760;Warszawa;88;32;6;tak;tak;tak;nie;nie;tak;tak;tak;tak;tak;nie;nie;tak;tak;nie;nie;nie;nie
104;Kielce;świętokrzyskie;GDDKiA;Klemencice;Klemencice;MOP funkcja komercyjna;MOP funkcja komercyjna;50.560006;20.206431;S;7p;12+040;Kraków;59;25;4;tak;tak;tak;nie;nie;tak;tak;tak;tak;tak;nie;nie;tak;tak;nie;nie;nie;nie
105;Kraków;małopolskie;GDDKiA;Zakrzów;Zakrzów;MOP funkcja podstawowa;MOP funkcja podstawowa;50.016778;20.139556;A;4;434+000;Tarnów;76;28;6;tak;nie;tak;nie;tak;tak;tak;nie;tak;nie;nie;nie;tak;tak;nie;nie;nie;nie
106;Kraków;małopolskie;GDDKiA;Zakrzów;Podłęże;MOP funkcja podstawowa;MOP funkcja podstawowa;50.017528;20.141;A;4;434+000;Kraków;76;35;3;tak;nie;tak;nie;tak;tak;tak;nie;tak;nie;nie;nie;tak;tak;nie;nie;nie;nie
107;Kraków;małopolskie;GDDKiA;Kłaj;Kłaj;MOP funkcja komercyjna;MOP funkcja komercyjna;49.988333;20.338639;A;4;449+600;Kraków;130;47;4;tak;tak;tak;nie;nie;nie;tak;tak;tak;tak;nie;tak;tak;tak;nie;nie;nie;nie
108;Kraków;małopolskie;GDDKiA;Kłaj;Stanisławice;MOP funkcja komercyjna;MOP funkcja komercyjna;49.988028;20.342417;A;4;449+140;Tarnów;89;31;3;tak;tak;tak;nie;nie;nie;tak;tak;tak;tak;nie;tak;tak;tak;nie;nie;nie;nie
109;Kraków;małopolskie;GDDKiA;Mokrzyska;Bagno;MOP funkcja podstawowa;MOP funkcja podstawowa;49.998333;20.62225;A;4;470+350;Tarnów;56;28;0;tak;nie;tak;nie;tak;nie;tak;nie;tak;nie;nie;nie;tak;tak;nie;nie;nie;nie
110;Kraków;małopolskie;GDDKiA;Mokrzyska;Mokrzyska;MOP funkcja podstawowa;MOP funkcja podstawowa;49.997917;20.611806;A;4;470+250;Kraków;56;28;0;tak;nie;tak;nie;tak;nie;tak;nie;tak;nie;nie;nie;tak;tak;nie;nie;nie;nie
111;Kraków;małopolskie;GDDKiA;Rudka;Rudka;MOP funkcja komercyjna;MOP funkcja komercyjna;50.041639;20.88825;A;4;492+440;Kraków;93;35;2;tak;tak;tak;nie;nie;nie;tak;tak;tak;tak;nie;tak;tak;tak;nie;nie;nie;nie
112;Kraków;małopolskie;GDDKiA;Rudka/Komorów;Komorów;MOP funkcja komercyjna;MOP funkcja komercyjna;50.040611;20.890028;A;4;491+820;Tarnów;110;46;2;tak;tak;tak;nie;nie;nie;tak;tak;tak;tak;nie;tak;tak;tak;nie;nie;nie;nie
113;Kraków;małopolskie;GDDKiA;Przestańsko;Widoma Wschód;MOP funkcja komercyjna;MOP funkcja komercyjna;50.227014;20.01463;S;7s;10+500;Kielce;106;24;8;tak;tak;tak;nie;nie;nie;tak;tak;tak;tak;nie;nie;tak;tak;nie;nie;nie;tak
114;Kraków;małopolskie;GDDKiA;Przestańsko;Widoma Zachód;MOP funkcja komercyjna;MOP funkcja komercyjna;50.226876;20.012023;S;7s;10+500;Kraków;101;24;8;tak;tak;tak;nie;nie;nie;tak;tak;tak;tak;nie;nie;tak;tak;nie;nie;nie;tak
115;Kraków;małopolskie;Koncesjonariusz - SAM;Morawica;Morawica;MOP funkcja komercyjna;MOP funkcja komercyjna;50.078913;19.759465;A;4;398+100;Kraków;80;22;0;tak;tak;tak;tak;tak;nie;tak;tak;tak;tak;nie;nie;tak;tak;nie;nie;nie;nie
116;Kraków;małopolskie;Koncesjonariusz - SAM;Aleksandrowice;Aleksandrowice;MOP funkcja komercyjna;MOP funkcja komercyjna;50.081341;19.772645;A;4;399+000;Katowice;75;24;4;tak;tak;tak;nie;tak;nie;tak;tak;tak;tak;nie;nie;nie;tak;nie;nie;nie;nie
117;Kraków;małopolskie;GDDKiA;Skawa / Rabka Zdój;Zbójecka Góra;MOP funkcja podstawowa;MOP funkcja podstawowa;49.620083;19.920944;S;7b;29+700;Chyżne;93;16;7;tak;nie;nie;nie;nie;nie;tak;tak;tak;nie;nie;nie;tak;tak;nie;nie;nie;nie
118;Kraków;małopolskie;Prywatny;Moczydło;OOUR;Parking prywatny;Parking prywatny;50.486456;20.182756;S;7t;0+700;Kielce;12;0;2;tak;tak;tak;nie;nie;tak;tak;tak;tak;nie;nie;nie;nie;tak;nie;nie;nie;nie
119;Kraków;małopolskie;GDDKiA;Małoszów;Małoszów;MOP funkcja podstawowa;MOP funkcja komercyjna;50.405889;20.148861;S;7t;11+100;Kraków;56;13;4;tak;nie;nie;nie;nie;nie;tak;tak;tak;tak;nie;nie;tak;tak;nie;nie;nie;nie
120;Kraków;małopolskie;GDDKiA;Giebułtów;Giebułtów;MOP funkcja podstawowa;MOP funkcja komercyjna;50.405056;20.150306;S;7t;11+100;Kielce;56;13;4;tak;nie;nie;nie;nie;nie;tak;tak;tak;tak;nie;nie;tak;tak;nie;nie;nie;nie
121;Lublin;lubelskie;GDDKiA;Markuszów;Markuszów Północ;MOP funkcja komercyjna;MOP funkcja komercyjna;51.390369;22.247958;S;12;33+150;Warszawa;86;28;3;tak;tak;tak;nie;nie;tak;tak;tak;tak;tak;nie;nie;tak;tak;nie;nie;tak;nie
122;Lublin;lubelskie;GDDKiA;Niwa Babicka;Niwa Babicka;MOP funkcja podstawowa;MOP funkcja komercyjna;51.6736;21.8666;S;17;75+500;Lublin;54;29;4;tak;nie;tak;tak;nie;nie;tak;tak;tak;tak;nie;nie;tak;tak;nie;nie;nie;nie
123;Lublin;lubelskie;GDDKiA;Sierskowola;Sarny;MOP funkcja komercyjna;MOP funkcja komercyjna;51.5874;21.9869;S;17;89+250;Warszawa;62;30;5;tak;tak;tak;nie;nie;nie;tak;tak;tak;tak;nie;nie;tak;tak;nie;nie;tak;nie
124;Lublin;lubelskie;GDDKiA;Markuszów;Markuszów Południe;MOP funkcja komercyjna;MOP funkcja komercyjna;51.388809;22.24754;S;12;33+150;Lublin;93;35;3;tak;tak;tak;nie;nie;tak;tak;tak;tak;tak;nie;nie;tak;tak;nie;nie;tak;nie
125;Lublin;lubelskie;GDDKiA;Janów Lubelski;Janów Lubelski Wschód;MOP funkcja podstawowa;MOP funkcja komercyjna;50.717896;22.383361;S;19;73+950;Lublin;154;35;8;tak;nie;nie;nie;nie;nie;tak;tak;tak;tak;nie;nie;tak;tak;nie;nie;nie;nie
126;Lublin;lubelskie;GDDKiA;Janów Lubelski;Janów Lubelski Zachód;MOP funkcja podstawowa;MOP funkcja komercyjna;50.716752;22.381302;S;19;73+900;Rzeszów;94;31;3;tak;nie;nie;nie;nie;nie;tak;tak;tak;tak;nie;nie;tak;tak;nie;nie;nie;nie
127;Lublin;lubelskie;GDDKiA;Felinów;Felinów Wschód;MOP funkcja podstawowa;MOP funkcja podstawowa;50.781897;22.293198;S;19;62+900;Lublin;61;26;2;tak;nie;nie;nie;nie;nie;tak;nie;tak;tak;nie;nie;tak;tak;nie;nie;nie;nie
128;Lublin;lubelskie;GDDKiA;Felinów;Felinów Zachód;MOP funkcja podstawowa;MOP funkcja podstawowa;50.781775;22.290796;S;19;62+900;Rzeszów;61;26;2;tak;nie;nie;nie;nie;nie;tak;nie;tak;tak;nie;nie;tak;tak;nie;nie;nie;nie
129;Lublin;lubelskie;GDDKiA;Wierzchowiska;Wierzchowiska;MOP funkcja podstawowa;MOP funkcja komercyjna;51.18137;22.72516;S;12;82+700;Piaski;65;40;6;tak;nie;nie;nie;nie;nie;tak;tak;tak;tak;nie;nie;tak;tak;nie;nie;nie;nie
130;Lublin;lubelskie;GDDKiA;Bystrzejowice;Bystrzejowice;MOP funkcja podstawowa;MOP funkcja komercyjna;51.1593;22.783;S;12;87+500;Lublin;49;30;6;tak;nie;nie;nie;nie;nie;tak;tak;tak;tak;nie;nie;tak;tak;nie;nie;nie;nie
131;Lublin;lubelskie;GDDKiA;Obroki;Obroki Zachód;MOP funkcja komercyjna;MOP funkcja komercyjna;51.045157;22.384202;S;19;29+350;Rzeszów;63;27;4;tak;tak;tak;nie;nie;nie;tak;tak;tak;tak;nie;nie;tak;tak;nie;nie;tak;tak
132;Lublin;lubelskie;GDDKiA;Obroki;Obroki Wschód;MOP funkcja komercyjna;MOP funkcja komercyjna;51.04459;22.386047;S;19;29+400;Lublin;86;40;5;tak;tak;tak;nie;nie;nie;tak;tak;tak;tak;nie;nie;tak;tak;nie;nie;tak;tak
133;Lublin;lubelskie;GDDKiA;Zemborzyce;Zemborzyce;MOP funkcja podstawowa;MOP funkcja podstawowa;51.1889;22.4354;S;19;11+950;Lublin;47;20;3;tak;nie;nie;nie;nie;nie;tak;nie;tak;tak;nie;nie;tak;tak;nie;nie;nie;nie
134;Lublin;lubelskie;GDDKiA;Radawiec;Radawiec;MOP funkcja podstawowa;MOP funkcja podstawowa;51.1914;22.435;S;19;11+700;Rzeszów;47;20;3;tak;nie;nie;nie;nie;nie;tak;nie;tak;tak;nie;nie;tak;tak;nie;nie;nie;nie
135;Lublin;lubelskie;GDDKiA;Rudnik;Rudnik Zachód;MOP funkcja podstawowa;MOP funkcja podstawowa;50.9664;22.2885;S;19;40+600;Rzeszów;39;17;3;tak;nie;nie;nie;nie;nie;tak;nie;tak;tak;nie;nie;tak;tak;nie;nie;nie;nie
136;Lublin;lubelskie;GDDKiA;Rudnik;Rudnik Wschód;MOP funkcja podstawowa;MOP funkcja podstawowa;50.9649;22.2898;S;19;40+700;Lublin;47;20;3;tak;nie;nie;nie;nie;nie;tak;nie;tak;tak;nie;nie;tak;tak;nie;nie;nie;nie
137;Lublin;lubelskie;GDDKiA;Słodków;Słodków Wschód;MOP funkcja podstawowa;MOP funkcja podstawowa;50.8786;22.2651;S;19;51+450;Lublin;53;27;4;tak;nie;nie;nie;nie;nie;tak;nie;tak;tak;nie;nie;tak;tak;nie;nie;nie;nie
138;Lublin;lubelskie;GDDKiA;Słodków;Słodków Zachód;MOP funkcja podstawowa;MOP funkcja podstawowa;50.8757;22.2639;S;19;51+750;Rzeszów;80;33;5;tak;nie;nie;nie;nie;nie;tak;nie;tak;tak;nie;nie;tak;tak;nie;nie;nie;nie
139;Łódź;łódzkie;GDDKiA;Krzyżanów;Krzyżanów Zachód;MOP funkcja komercyjna;MOP funkcja komercyjna;52.184595;19.485525;A;1;258+500;Katowice;60;55;10;tak;tak;tak;nie;tak;nie;tak;tak;tak;tak;nie;nie;tak;tak;nie;nie;nie;nie
140;Łódź;łódzkie;GDDKiA;Krzyżanów;Krzyżanów Wschód;MOP funkcja komercyjna;MOP funkcja komercyjna;52.184309;19.489093;A;1;258+500;Gdańsk;80;31;10;tak;tak;tak;nie;tak;nie;tak;tak;tak;tak;nie;nie;tak;tak;nie;nie;nie;nie
141;Łódź;łódzkie;GDDKiA;Głowno;Głowno Zachód;MOP funkcja podstawowa;MOP funkcja podstawowa;52.005359;19.542748;A;1;279+200;Katowice;26;42;8;tak;nie;nie;nie;tak;nie;tak;nie;tak;nie;nie;nie;nie;nie;nie;nie;nie;nie
142;Łódź;łódzkie;GDDKiA;Głowno;Głowno Wschód;MOP funkcja podstawowa;MOP funkcja podstawowa;52.007587;19.544862;A;1;279+200;Gdańsk;28;40;8;tak;nie;nie;nie;tak;nie;tak;nie;tak;tak;nie;nie;nie;nie;nie;nie;nie;nie
143;Łódź;łódzkie;GDDKiA;Nowosolna;Skoszewy Wschód;MOP funkcja podstawowa;MOP funkcja podstawowa;51.841952;19.661346;A;1;299+700;Gdańsk;60;37;5;tak;nie;nie;nie;tak;nie;tak;nie;tak;nie;nie;nie;tak;tak;nie;nie;nie;nie
144;Łódź;łódzkie;GDDKiA;Nowosolna;Skoszewy Zachód;MOP funkcja podstawowa;MOP funkcja podstawowa;51.841877;19.656879;A;1;299+700;Katowice;60;39;5;tak;nie;nie;nie;tak;nie;tak;nie;tak;nie;nie;nie;tak;tak;nie;nie;nie;nie
145;Łódź;łódzkie;GDDKiA;Łódź;Wiśniowa Góra Wschód;MOP funkcja komercyjna;MOP funkcja komercyjna;51.702524;19.605316;A;1;316+500;Gdańsk;122;20;4;tak;tak;tak;nie;tak;nie;tak;tak;tak;tak;nie;nie;tak;tak;nie;nie;nie;nie
146;Łódź;łódzkie;GDDKiA;Łódź;Wiśniowa Góra Zachód;MOP funkcja komercyjna;MOP funkcja komercyjna;51.703078;19.602474;A;1;316+500;Katowice;116;20;4;tak;tak;tak;nie;tak;nie;tak;tak;tak;tak;nie;nie;tak;tak;nie;nie;nie;nie
147;Łódź;łódzkie;GDDKiA;Stobiecko Szlacheckie;Stobiecko Szlacheckie Zachód;MOP funkcja komercyjna;MOP funkcja komercyjna;51.1092708;19.3900203;A;1;388+800;Katowice;128;44;8;tak;tak;tak;nie;tak;nie;tak;tak;tak;tak;nie;nie;tak;tak;nie;nie;nie;tak
148;Łódź;łódzkie;GDDKiA;Stobiecko Szlacheckie;Stobiecko Szlacheckie Wschód;MOP funkcja komercyjna;MOP funkcja komercyjna;51.10720645;19.39126775;A;1;388+800;Łódź;169;46;8;tak;tak;tak;nie;tak;nie;tak;tak;tak;tak;nie;nie;tak;tak;nie;nie;nie;tak
149;Łódź;łódzkie;GDDKiA;Słostowice;Słostowice;MOP funkcja podstawowa;MOP funkcja komercyjna;51.17923643;19.46996617;A;1;379+200;Łódź;80;50;10;tak;nie;nie;nie;nie;nie;tak;nie;tak;tak;nie;nie;tak;tak;nie;nie;nie;nie
150;Łódź;łódzkie;GDDKiA;Świnice Warckie;Kozanki;MOP funkcja podstawowa;MOP funkcja podstawowa;52.035297;18.879881;A;2;307+900;Poznań;35;20;0;tak;nie;nie;nie;tak;nie;tak;nie;tak;nie;nie;nie;nie;nie;nie;nie;nie;nie
151;Łódź;łódzkie;GDDKiA;Uniejów;Zaborów;MOP funkcja podstawowa;MOP funkcja podstawowa;52.034345;18.876412;A;2;307+900;Warszawa;28;20;0;tak;nie;nie;nie;tak;nie;tak;nie;tak;nie;nie;nie;nie;nie;nie;nie;nie;nie
152;Łódź;łódzkie;GDDKiA;Parzęczew;Chrząstów Północ;MOP funkcja komercyjna;MOP funkcja komercyjna;51.944948;19.179229;A;2;331+000;Poznań;114;37;0;tak;tak;tak;nie;tak;nie;tak;tak;tak;tak;nie;nie;tak;tak;nie;nie;nie;nie
153;Łódź;łódzkie;GDDKiA;Parzęczew;Chrząstów Południe;MOP funkcja komercyjna;MOP funkcja komercyjna;51.944496;19.176163;A;2;331+000;Warszawa;158;55;0;tak;tak;tak;tak;tak;nie;tak;tak;tak;tak;nie;nie;tak;tak;nie;nie;nie;nie
154;Łódź;łódzkie;GDDKiA;Zgierz;Ciosny Północ;MOP funkcja podstawowa;MOP funkcja podstawowa;51.919947;19.409592;A;2;347+200;Poznań;33;16;0;tak;nie;nie;nie;nie;nie;tak;nie;tak;nie;nie;nie;nie;nie;nie;nie;nie;nie
155;Łódź;łódzkie;GDDKiA;Zgierz;Ciosny Południe;MOP funkcja podstawowa;MOP funkcja podstawowa;51.918124;19.407123;A;2;347+200;Warszawa;33;34;0;tak;nie;nie;nie;nie;nie;tak;nie;tak;nie;nie;nie;nie;nie;nie;nie;nie;nie
156;Łódź;łódzkie;GDDKiA;Dmosin;Nowostawy;MOP funkcja komercyjna;MOP funkcja komercyjna;51.900043;19.704353;A;2;368+550;Poznań;226;60;25;tak;tak;tak;tak;tak;nie;tak;tak;tak;tak;nie;nie;tak;tak;nie;nie;nie;nie
157;Łódź;łódzkie;GDDKiA;Dmosin;Niesułków;MOP funkcja komercyjna;MOP funkcja komercyjna;51.897653;19.708325;A;2;368+550;Warszawa;158;45;16;tak;tak;tak;nie;tak;nie;tak;tak;tak;tak;nie;nie;tak;tak;nie;nie;nie;nie
158;Łódź;łódzkie;GDDKiA;Łyszkowice;Parma;MOP funkcja komercyjna;MOP funkcja komercyjna;52.029285;20.001995;A;2;393+850;Poznań;147;45;15;tak;tak;tak;nie;nie;nie;tak;tak;tak;tak;nie;nie;tak;tak;nie;nie;nie;nie
159;Łódź;łódzkie;GDDKiA;Łyszkowice;Polesie;MOP funkcja komercyjna;MOP funkcja komercyjna;52.026923;20.005046;A;2;393+850;Warszawa;148;45;15;tak;tak;tak;nie;nie;nie;tak;tak;tak;tak;nie;nie;tak;tak;nie;nie;nie;nie
160;Łódź;łódzkie;GDDKiA;Bolimów;Bolimów;MOP funkcja podstawowa;MOP funkcja podstawowa;52.07615;20.236114;A;2;410+900;Poznań;34;16;2;tak;nie;nie;nie;tak;nie;tak;nie;tak;tak;nie;nie;tak;nie;nie;nie;nie;nie
161;Łódź;łódzkie;GDDKiA;Bolimów;Mogiły;MOP funkcja podstawowa;MOP funkcja podstawowa;52.074216;20.238134;A;2;410+900;Warszawa;34;16;2;tak;nie;nie;nie;tak;nie;tak;nie;tak;tak;nie;nie;tak;nie;nie;nie;nie;nie
162;Łódź;łódzkie;GDDKiA;Chojny;Chojny Południe;MOP funkcja komercyjna;MOP funkcja komercyjna;51.356508;18.525494;S;8;140+655;Łódź;86;23;8;tak;tak;tak;nie;nie;tak;tak;tak;tak;tak;nie;nie;nie;tak;nie;nie;nie;nie
163;Łódź;łódzkie;GDDKiA;Chojny;Chojny Północ;MOP funkcja podstawowa;MOP funkcja podstawowa;51.357881;18.522756;S;8;140+655;Wrocław;45;23;8;tak;nie;nie;nie;tak;tak;tak;nie;tak;nie;nie;nie;nie;tak;nie;nie;nie;nie
164;Łódź;łódzkie;GDDKiA;Dąbrowa Wielka Sieradz;Dąbrowa Wielka Wschód;MOP funkcja podstawowa;MOP funkcja podstawowa;51.527318;18.697538;S;8;165+055;Łódź;55;22;8;tak;nie;nie;nie;tak;tak;tak;nie;tak;nie;nie;nie;nie;tak;nie;nie;nie;nie
165;Łódź;łódzkie;GDDKiA;Dąbrowa Wielka Sieradz;Dąbrowa Wielka Zachód;MOP funkcja komercyjna;MOP funkcja komercyjna;51.527766;18.6935;S;8;165+055;Wrocław;106;22;8;tak;tak;tak;nie;nie;tak;tak;tak;tak;tak;nie;nie;nie;tak;nie;nie;nie;nie
166;Łódź;łódzkie;GDDKiA;Paprotnia;Paprotnia Południe;MOP funkcja komercyjna;MOP funkcja komercyjna;51.574071;18.936809;S;8;186+055;Łódź;104;26;4;tak;tak;tak;nie;tak;nie;tak;tak;tak;tak;nie;nie;nie;tak;nie;nie;nie;nie
167;Łódź;łódzkie;GDDKiA;Paprotnia;Paprotnia Północ;MOP funkcja podstawowa;MOP funkcja podstawowa;51.576633;18.938623;S;8;186+055;Wrocław;55;22;8;tak;nie;nie;nie;nie;nie;tak;nie;tak;nie;nie;nie;nie;tak;nie;nie;nie;nie
168;Łódź;łódzkie;GDDKiA;Sięganów Łask;Sięganów Południe;MOP funkcja podstawowa;MOP funkcja podstawowa;51.552118;19.087808;S;8;196+857;Łódź;60;23;7;tak;nie;nie;nie;nie;nie;tak;nie;tak;nie;nie;nie;nie;tak;nie;nie;nie;nie
169;Łódź;łódzkie;GDDKiA;Sięganów Łask;Sięganów Północ;MOP funkcja komercyjna;MOP funkcja komercyjna;51.554659;19.088576;S;8;196+857;Wrocław;131;25;5;tak;tak;tak;nie;nie;nie;tak;tak;tak;Tak;nie;nie;nie;tak;nie;nie;nie;nie
170;Łódź;łódzkie;GDDKiA;Rzgów;Guzew Północ;MOP funkcja podstawowa;MOP funkcja podstawowa;51.634416;19.43715;S;8;223+389;Wrocław;50;22;8;tak;nie;nie;nie;tak;nie;tak;nie;tak;nie;nie;nie;nie;tak;nie;nie;nie;nie
171;Łódź;łódzkie;GDDKiA;Rzgów;Guzew Południe;MOP funkcja komercyjna;MOP funkcja komercyjna;51.632289;19.439092;S;8;223+389;Warszawa;70;25;5;tak;tak;tak;nie;tak;nie;tak;tak;tak;tak;nie;nie;tak;tak;nie;nie;nie;tak
172;Łódź;łódzkie;Prywatny;Piotrków Tryb;OOUR;Parking prywatny;Parking prywatny;51.441124;19.6796;S;8;327+500;Warszawa;15;10;0;tak;tak;tak;nie;nie;nie;tak;tak;nie;nie;nie;nie;nie;tak;nie;nie;tak;nie
173;Łódź;łódzkie;Prywatny;Piotrków Tryb;OOUR;Parking prywatny;Parking prywatny;51.441497;19.681511;S;8;327+600;Warszawa;70;0;15;tak;nie;tak;nie;nie;nie;tak;tak;tak;nie;nie;nie;nie;tak;nie;nie;nie;nie
174;Łódź;łódzkie;Prywatny;Proszenie;OOUR;Parking prywatny;Parking prywatny;51.459189;19.781038;S;8;335+100;Warszawa;50;40;20;tak;nie;tak;tak;nie;nie;tak;tak;tak;nie;nie;nie;nie;tak;nie;nie;nie;nie
175;Łódź;łódzkie;Prywatny;Studzianki;OOUR;Parking prywatny;Parking prywatny;51.502445;19.870326;S;8;343+100;Warszawa;15;30;10;tak;tak;tak;nie;nie;nie;tak;tak;tak;nie;nie;nie;nie;tak;nie;nie;nie;nie
176;Łódź;łódzkie;Prywatny;Studzianki;OOUR;Parking prywatny;Parking prywatny;51.504698;19.878609;S;8;343+750;Warszawa;30;20;10;tak;nie;tak;tak;tak;nie;tak;tak;nie;nie;nie;nie;nie;tak;nie;nie;nie;nie
177;Łódź;łódzkie;Prywatny;Studzianki;OOUR;Parking prywatny;Parking prywatny;51.505812;19.887766;S;8;344+400;Warszawa;69;22;8;tak;nie;tak;tak;tak;nie;tak;tak;tak;nie;nie;nie;nie;tak;nie;nie;nie;nie
178;Łódź;łódzkie;Prywatny;Lechów;OOUR;Parking prywatny;Parking prywatny;51.642644;20.13215;S;8;367+720;Warszawa;15;15;5;tak;tak;tak;nie;nie;nie;tak;tak;tak;nie;nie;nie;nie;tak;nie;nie;nie;nie
179;Łódź;łódzkie;Prywatny;Wólka Jagielczyńska;OOUR;Parking prywatny;Parking prywatny;51.679437;20.191834;S;8;373+660;Warszawa;45;10;5;tak;tak;tak;nie;nie;nie;tak;tak;tak;nie;nie;nie;nie;tak;nie;nie;nie;nie
180;Łódź;łódzkie;Prywatny;Podlas;OOUR;Parking prywatny;Parking prywatny;51.73386;20.231716;S;8;380+530;Warszawa;20;0;8;tak;nie;tak;tak;nie;nie;tak;tak;tak;nie;nie;nie;nie;tak;nie;nie;nie;nie
181;Łódź;łódzkie;Prywatny;Podlas;OOUR;Parking prywatny;Parking prywatny;51.734378;20.231939;S;8;380+660;Warszawa;16;5;2;tak;tak;tak;nie;nie;nie;tak;tak;tak;nie;nie;nie;nie;tak;nie;nie;nie;nie
182;Łódź;łódzkie;Prywatny;Proszenie;OOUR;Parking prywatny;Parking prywatny;51.460242;19.779725;S;8;335+050;Wrocław;20;9;0;tak;tak;tak;nie;nie;nie;tak;tak;tak;nie;nie;nie;nie;tak;nie;nie;nie;nie
183;Łódź;łódzkie;Prywatny;Proszenie;OOUR;Parking prywatny;Parking prywatny;51.46088;19.780543;S;8;335+170;Wrocław;300;0;50;tak;nie;tak;tak;tak;tak;tak;tak;tak;nie;nie;nie;nie;tak;nie;nie;nie;nie
184;Łódź;łódzkie;Prywatny;Wolbórz;OOUR;Parking prywatny;Parking prywatny;51.494916;19.83917;S;8;340+800;Wrocław;20;30;10;tak;nie;tak;nie;nie;nie;tak;tak;tak;nie;nie;nie;nie;tak;nie;nie;nie;nie
185;Łódź;łódzkie;Prywatny;Studzianki;OOUR;Parking prywatny;Parking prywatny;51.505367;19.874648;S;8;343+500;Wrocław;20;30;10;tak;tak;tak;nie;nie;nie;tak;tak;nie;nie;nie;nie;nie;tak;nie;nie;nie;nie
186;Łódź;łódzkie;Prywatny;Studzianki;OOUR;Parking prywatny;Parking prywatny;51.514996;19.905792;S;8;346+000;Wrocław;25;11;3;tak;tak;tak;nie;nie;nie;tak;tak;tak;nie;nie;nie;nie;tak;nie;nie;nie;nie
187;Łódź;łódzkie;Prywatny;Jadwigów;OOUR;Parking prywatny;Parking prywatny;51.524232;19.934851;S;8;348+300;Wrocław;15;15;10;tak;nie;tak;nie;tak;nie;tak;nie;tak;nie;nie;nie;nie;tak;nie;nie;nie;nie
188;Łódź;łódzkie;Prywatny;Jakubów;OOUR;Parking prywatny;Parking prywatny;51.589477;20.040135;S;8;358+900;Wrocław;40;50;10;tak;nie;tak;tak;nie;nie;tak;nie;nie;nie;nie;nie;nie;tak;nie;nie;nie;nie
189;Łódź;łódzkie;Prywatny;Czerniewice;OOUR;Parking prywatny;Parking prywatny;51.65732;20.15251;S;8;369+940;Wrocław;35;19;5;tak;tak;tak;nie;nie;nie;tak;tak;tak;nie;nie;nie;nie;tak;nie;nie;nie;nie
190;Łódź;łódzkie;Prywatny;Wólka Jagielczyńska;OOUR;Parking prywatny;Parking prywatny;51.67143;20.178425;S;8;372+500;Wrocław;15;8;2;tak;tak;tak;nie;nie;nie;tak;tak;tak;nie;nie;nie;nie;tak;nie;nie;nie;nie
191;Łódź;łódzkie;Prywatny;Podlas;OOUR;Parking prywatny;Parking prywatny;51.735964;20.231053;S;8;380+800;Wrocław;35;8;7;tak;tak;tak;nie;nie;nie;tak;tak;tak;nie;nie;nie;nie;tak;nie;nie;nie;nie
192;Łódź;łódzkie;Prywatny;Huta Zawadzka;OOUR;Parking prywatny;Parking prywatny;51.927085;20.463152;S;8;408+100;Wrocław;15;15;0;tak;tak;tak;nie;tak;nie;tak;tak;tak;nie;nie;nie;nie;tak;nie;nie;nie;nie
193;Olsztyn;warmińsko - mazurskie;Prywatny;Nowe Pole;OOUR;Parking prywatny;Parking prywatny;54.137013;19.415825;S;7;80+490;Warszawa;80;20;5;tak;tak;tak;tak;tak;nie;tak;tak;tak;tak;tak;nie;tak;tak;nie;nie;nie;nie
194;Olsztyn;warmińsko - mazurskie;Prywatny;Elbląg;OOUR;Parking prywatny;Parking prywatny;54.135487;19.452887;S;7g;0+525;Warszawa;20;5;5;tak;tak;tak;tak;nie;nie;nie;tak;tak;nie;nie;nie;nie;nie;nie;nie;nie;nie
195;Olsztyn;warmińsko - mazurskie;Prywatny;Rzeczna;OOUR;Parking prywatny;Parking prywatny;54.07884;19.611714;S;7g;13+622;Gdańsk;13;5;0;tak;tak;tak;nie;nie;tak;nie;tak;tak;nie;nie;nie;nie;nie;nie;nie;nie;nie
196;Olsztyn;warmińsko - mazurskie;GDDKiA;Sople;Sople Wschód;MOP funkcja komercyjna;MOP funkcja komercyjna;53.890231;19.735382;S;7g;36+980;Gdańsk;106;35;5;tak;tak;tak;nie;tak;nie;tak;tak;tak;tak;nie;nie;tak;tak;nie;nie;nie;nie
197;Olsztyn;warmińsko - mazurskie;GDDKiA;Sople;Sople Zachód;MOP funkcja komercyjna;MOP funkcja komercyjna;53.882447;19.73307;S;7g;37+510;Warszawa;130;28;5;tak;tak;tak;nie;tak;nie;tak;tak;tak;tak;nie;nie;tak;tak;nie;nie;nie;nie
198;Olsztyn;warmińsko - mazurskie;GDDKiA;Liksajny;Liksajny;MOP funkcja podstawowa;MOP funkcja podstawowa;53.806729;19.788719;S;7g;47+270;Gdańsk;121;17;6;tak;nie;nie;nie;nie;nie;tak;nie;tak;nie;nie;nie;nie;nie;nie;nie;nie;tak
199;Olsztyn;warmińsko - mazurskie;GDDKiA;Majdany Wielkie;Majdany Wielkie;MOP funkcja podstawowa;MOP funkcja podstawowa;53.800146;19.790754;S;7g;47+515;Warszawa;114;17;6;tak;nie;nie;nie;tak;nie;tak;nie;tak;nie;nie;nie;nie;nie;nie;nie;nie;tak
200;Olsztyn;warmińsko - mazurskie;GDDKiA;Grabin;Grabin Wschód;MOP funkcja podstawowa;MOP funkcja podstawowa;53.638844;20.043437;S;7g;73+800;Warszawa;118;17;6;tak;nie;nie;nie;nie;tak;tak;nie;tak;tak;nie;nie;nie;nie;nie;nie;nie;nie
201;Olsztyn;warmińsko - mazurskie;GDDKiA;Grabin;Grabin Zachód;MOP funkcja podstawowa;MOP funkcja podstawowa;53.639339;20.045644;S;7g;74+400;Gdańsk;118;17;6;tak;nie;nie;nie;nie;tak;tak;nie;tak;tak;nie;nie;nie;nie;nie;nie;nie;nie
202;Olsztyn;warmińsko - mazurskie;GDDKiA;Lutek;Lutek;MOP funkcja podstawowa;MOP funkcja podstawowa;53.514906;20.298163;S;7j;10+227;Gdańsk;35;24;3;tak;nie;nie;nie;tak;tak;tak;nie;tak;nie;nie;nie;nie;nie;nie;nie;nie;nie
203;Olsztyn;warmińsko - mazurskie;Prywatny;Witramowo;OOUR;Parking prywatny;Parking prywatny;53.480549;20.320462;S;7j;14+085;Warszawa;100;70;0;tak;tak;tak;nie;nie;nie;tak;tak;tak;nie;nie;nie;tak;tak;nie;nie;nie;nie
204;Olsztyn;warmińsko - mazurskie;Prywatny;Ostróda;OOUR;Parking prywatny;Parking prywatny;53.708806;19.978444;s;7g;64+340;Gdańsk;100;30;10;tak;tak;tak;nie;tak;tak;tak;tak;tak;tak;nie;nie;tak;tak;nie;nie;nie;nie
205;Olsztyn;warmińsko - mazurskie;GDDKiA;Pawliki;Pawliki Wschód;MOP funkcja komercyjna;MOP funkcja komercyjna;53.29981;20.43706;S;7j;38+000;Gdańsk;74;34;3;tak;tak;tak;nie;tak;nie;nie;tak;tak;nie;nie;nie;tak;tak;nie;nie;nie;nie
206;Olsztyn;warmińsko - mazurskie;GDDKiA;Pawliki;Pawliki Zachód;MOP funkcja komercyjna;MOP funkcja komercyjna;53.299722;20.43546;S;7j;38+000;Warszawa;74;34;3;tak;tak;tak;nie;nie;tak;tak;tak;tak;tak;nie;nie;tak;tak;nie;nie;nie;nie
207;Olsztyn;warmińsko - mazurskie;GDDKiA;Olsztynek;Olsztynek Północ;MOP funkcja komercyjna;MOP funkcja komercyjna;53.58366;20.1813;S;7j;86+300;Gdańsk;74;34;3;tak;tak;tak;nie;nie;tak;tak;tak;tak;tak;nie;nie;tak;tak;nie;nie;nie;nie
208;Olsztyn;warmińsko - mazurskie;GDDKiA;Olsztynek;Olsztynek Południe;MOP funkcja komercyjna;MOP funkcja komercyjna;53.582197;20.181033;S;7j;86+300;Warszawa;65;30;6;tak;tak;tak;nie;tak;tak;tak;tak;tak;tak;nie;nie;tak;tak;nie;nie;nie;nie
209;Olsztyn;warmińsko - mazurskie;GDDKiA;Niekrasy;Niekrasy Wschód;MOP funkcja podstawowa;MOP funkcja komercyjna;53.742681;22.300431;S;61;120+204;Ełk;53;23;4;tak;nie;nie;nie;nie;nie;tak;tak;tak;tak;nie;nie;tak;tak;nie;nie;nie;nie
210;Olsztyn;warmińsko - mazurskie;GDDKiA;Niekrasy;Niekrasy Zachód;MOP funkcja podstawowa;MOP funkcja komercyjna;53.743775;22.298743;S;61;120+204;Ostrów Mazowiecka;53;23;4;tak;nie;nie;nie;nie;nie;tak;tak;tak;tak;nie;nie;tak;tak;nie;nie;nie;nie
211;Opole;opolskie;GDDKiA;Wierzbnik;Wierzbnik;MOP funkcja podstawowa;MOP funkcja podstawowa;50.764635;17.412521;A;4;198+810;Katowice;52;25;0;tak;nie;nie;nie;tak;tak;tak;nie;tak;nie;nie;nie;tak;tak;nie;nie;nie;nie
212;Opole;opolskie;GDDKiA;Jankowice Wielkie;Jankowice Wielkie;MOP funkcja podstawowa;MOP funkcja podstawowa;50.756336;17.433439;A;4;200+960;Wrocław;53;51;0;tak;nie;nie;nie;tak;tak;tak;nie;tak;nie;nie;nie;tak;tak;nie;nie;nie;tak
213;Opole;opolskie;GDDKiA;Młyński Staw;Młyński Staw;MOP funkcja komercyjna;MOP funkcja komercyjna;50.676912;17.656025;A;4;219+560;Wrocław;190;62;5;tak;tak;tak;tak;tak;tak;tak;tak;tak;tak;nie;tak;tak;tak;nie;nie;nie;nie
214;Opole;opolskie;GDDKiA;Rzędziwojowice;Rzędziwojowice;MOP funkcja komercyjna;MOP funkcja komercyjna;50.67699;17.651739;A;4;219+060;Katowice;163;49;2;tak;tak;tak;nie;tak;tak;tak;tak;tak;tak;nie;tak;tak;tak;nie;nie;nie;nie
215;Opole;opolskie;GDDKiA;Przysiecz;Przysiecz;MOP funkcja podstawowa;MOP funkcja podstawowa;50.568684;17.8598851;A;4;238+310;Katowice;34;56;0;tak;nie;nie;nie;tak;tak;tak;nie;tak;nie;nie;nie;tak;tak;nie;nie;nie;tak
216;Opole;opolskie;GDDKiA;Prószków;Prószków;MOP funkcja podstawowa;MOP funkcja podstawowa;50.569719;17.861423;A;4;238+310;Wrocław;51;54;0;tak;nie;nie;nie;nie;tak;tak;nie;tak;nie;nie;nie;tak;tak;nie;nie;nie;tak
217;Opole;opolskie;GDDKiA;Wysoka;Wysoka;MOP funkcja komercyjna;MOP funkcja komercyjna;50.462665;18.160492;A;4;264+700;Wrocław;158;33;0;tak;tak;tak;tak;tak;tak;tak;tak;tak;tak;nie;tak;tak;tak;nie;nie;nie;nie
218;Opole;opolskie;GDDKiA;Góra Św. Anny;Góra Św. Anny;MOP funkcja komercyjna;MOP funkcja komercyjna;50.461227;18.16082;A;4;264+700;Katowice;97;27;0;tak;tak;tak;nie;tak;tak;tak;tak;tak;nie;nie;tak;tak;tak;nie;nie;nie;nie
219;Poznań;wielkopolskie;Koncesjonariusz - AWSA;Nowy Tomyśl;Wytomyśl;MOP funkcja podstawowa;MOP funkcja podstawowa;52.368156;16.190126;A;2;114+000;Berlin;25;12;3;tak;nie;nie;nie;tak;nie;tak;nie;tak;nie;nie;nie;nie;nie;nie;nie;nie;nie
220;Poznań;wielkopolskie;Koncesjonariusz - AWSA;Nowy Tomyśl;Kozielaski;MOP funkcja podstawowa;MOP funkcja podstawowa;52.367281;16.189745;A;2;114+000;Poznań;25;12;3;tak;nie;nie;nie;tak;nie;tak;nie;tak;nie;nie;nie;nie;nie;nie;nie;nie;nie
221;Poznań;wielkopolskie;Koncesjonariusz - AWSA;Szamotuły;Sędzinko;MOP funkcja komercyjna;MOP funkcja komercyjna;52.387966;16.47471;A;2;133+600;Berlin;53;23;3;tak;tak;tak;nie;tak;nie;tak;nie;tak;tak;nie;nie;nie;tak;nie;nie;nie;nie
222;Poznań;wielkopolskie;Koncesjonariusz - AWSA;Szamotuły;Zalesie;MOP funkcja komercyjna;MOP funkcja komercyjna;52.386483;16.476427;A;2;133+800;Poznań;48;18;3;tak;tak;tak;nie;tak;nie;tak;nie;tak;tak;nie;nie;nie;tak;nie;nie;nie;nie
223;Poznań;wielkopolskie;Koncesjonariusz - AWSA;Poznański;Dopiewiec;MOP funkcja podstawowa;MOP funkcja podstawowa;52.350472;16.71466;A;2;151+000;Berlin;25;12;3;tak;nie;nie;nie;tak;nie;tak;nie;tak;nie;nie;nie;nie;nie;nie;nie;nie;nie
224;Poznań;wielkopolskie;Koncesjonariusz - AWSA;Poznański;Konarzewo;MOP funkcja podstawowa;MOP funkcja podstawowa;52.34946;16.714763;A;2;151+000;Poznań;25;12;3;tak;nie;nie;nie;tak;nie;tak;nie;tak;nie;nie;nie;nie;nie;nie;nie;nie;nie
225;Poznań;wielkopolskie;Koncesjonariusz - AWSA;Poznański;Tulce;MOP funkcja komercyjna;MOP funkcja komercyjna;52.32964;17.091342;A;2;177+100;Poznań;42;33;3;tak;tak;tak;nie;tak;nie;tak;nie;tak;tak;nie;nie;nie;tak;nie;nie;nie;nie
226;Poznań;wielkopolskie;Koncesjonariusz - AWSA;Poznański;Krzyżowniki;MOP funkcja komercyjna;MOP funkcja komercyjna;52.327306;17.093756;A;2;177+250;Warszawa;45;23;3;tak;tak;tak;nie;tak;nie;tak;nie;tak;tak;nie;nie;nie;tak;nie;nie;nie;nie
227;Poznań;wielkopolskie;Koncesjonariusz - AWSA;Września;Chwałszyce;MOP funkcja podstawowa;MOP funkcja podstawowa;52.31835;17.419727;A;2;200+200;Poznań;25;33;3;tak;nie;nie;nie;tak;nie;tak;nie;tak;nie;nie;nie;nie;nie;nie;nie;nie;nie
228;Poznań;wielkopolskie;Koncesjonariusz - AWSA;Września;Targowa Górka;MOP funkcja podstawowa;MOP funkcja podstawowa;52.317733;17.42051;A;2;200+200;Warszawa;25;33;3;tak;nie;nie;nie;tak;nie;tak;nie;tak;nie;nie;nie;nie;nie;nie;nie;nie;nie
229;Poznań;wielkopolskie;Koncesjonariusz - AWSA;Września;Sołeczno;MOP funkcja komercyjna;MOP funkcja komercyjna;52.294568;17.653817;A;2;216+500;Poznań;33;23;3;tak;tak;tak;nie;tak;nie;tak;nie;tak;tak;nie;nie;tak;tak;nie;nie;nie;nie
230;Poznań;wielkopolskie;Koncesjonariusz - AWSA;Września;Gozdowo;MOP funkcja komercyjna;MOP funkcja komercyjna;52.293689;17.651972;A;2;216+500;Warszawa;29;18;3;tak;tak;tak;nie;tak;nie;tak;nie;tak;tak;nie;nie;tak;tak;nie;nie;nie;nie
231;Poznań;wielkopolskie;Koncesjonariusz - AWSA;Słupca;Skarboszewo;MOP funkcja podstawowa;MOP funkcja podstawowa;52.261245;17.788812;A;2;226+500;Poznań;25;12;3;tak;nie;nie;nie;tak;nie;tak;nie;tak;nie;nie;nie;nie;nie;nie;nie;nie;nie
232;Poznań;wielkopolskie;Koncesjonariusz - AWSA;Słupca;Lądek;MOP funkcja podstawowa;MOP funkcja podstawowa;52.226183;17.931106;A;2;237+000;Warszawa;25;12;3;tak;nie;nie;nie;tak;nie;tak;nie;tak;nie;nie;nie;nie;nie;nie;nie;nie;nie
233;Poznań;wielkopolskie;Koncesjonariusz - AWSA;Koniński;Osiecza Południe;MOP funkcja komercyjna;MOP funkcja komercyjna;52.179337;18.121165;A;2;251+100;Warszawa;94;23;3;tak;tak;tak;nie;tak;nie;tak;nie;tak;tak;nie;nie;nie;tak;nie;nie;nie;nie
234;Poznań;wielkopolskie;Koncesjonariusz - AWSA;Koniński;Osiecza Północ;MOP funkcja komercyjna;MOP funkcja komercyjna;52.179985;18.124925;A;2;251+300;Poznań;48;18;3;tak;tak;tak;nie;tak;nie;tak;nie;tak;tak;nie;nie;nie;tak;nie;nie;nie;nie
235;Poznań;wielkopolskie;GDDKiA;Pow. Turecki;Leonia;MOP funkcja podstawowa;MOP funkcja podstawowa;52.151764;18.456161;A;2;274+900;Warszawa;28;12;3;tak;nie;nie;nie;tak;nie;tak;tak;tak;nie;nie;nie;nie;nie;nie;nie;nie;nie
236;Poznań;wielkopolskie;GDDKiA;Pow. Turecki;Kuny;MOP funkcja podstawowa;MOP funkcja podstawowa;52.152975;18.456629;A;2;274+900;Poznań;36;15;4;tak;nie;nie;nie;tak;nie;tak;tak;tak;nie;nie;nie;nie;nie;nie;nie;nie;nie
237;Poznań;wielkopolskie;GDDKiA;Pow. Kolski;Police;MOP funkcja komercyjna;MOP funkcja komercyjna;52.135675;18.634064;A;2;287+350;Poznań;33;37;4;tak;tak;tak;tak;nie;nie;tak;tak;tak;tak;nie;tak;tak;nie;nie;nie;nie;nie
238;Poznań;wielkopolskie;GDDKiA;Pow. Kolski;Łęka;MOP funkcja komercyjna;MOP funkcja komercyjna;52.134391;18.633839;A;2;287+350;Warszawa;42;39;3;tak;tak;tak;tak;nie;nie;tak;tak;tak;tak;nie;tak;tak;nie;nie;nie;nie;nie
239;Poznań;wielkopolskie;GDDKiA;Pow. Kolski;Cichmiana;MOP funkcja podstawowa;MOP funkcja podstawowa;52.096878;18.771649;A;2;297+825;Warszawa;25;12;3;tak;nie;nie;nie;nie;nie;tak;tak;tak;nie;nie;nie;nie;nie;nie;nie;nie;nie
240;Poznań;wielkopolskie;GDDKiA;Pow. Kolski;Sobótka;MOP funkcja podstawowa;MOP funkcja podstawowa;52.097733;18.772754;A;2;297+825;Poznań;25;12;3;tak;nie;nie;nie;nie;nie;tak;tak;tak;nie;nie;nie;nie;nie;nie;nie;nie;nie
241;Poznań;wielkopolskie;GDDKiA;Łubowo;Łubowo;MOP funkcja komercyjna;MOP funkcja komercyjna;52.507973;17.470135;S;5d;3+348;Poznań;66;21;3;tak;tak;tak;nie;nie;nie;tak;tak;tak;tak;nie;nie;tak;tak;nie;nie;nie;nie
242;Poznań;wielkopolskie;GDDKiA;Łubowo;Pierzyska;MOP funkcja komercyjna;MOP funkcja komercyjna;52.507571;17.472691;S;5d;3+348;Bydgoszcz;67;21;3;tak;tak;tak;nie;nie;nie;tak;tak;tak;tak;nie;nie;tak;tak;nie;nie;nie;nie
243;Poznań;wielkopolskie;GDDKiA;Kostrzyn;Wagowo;MOP funkcja podstawowa;MOP funkcja podstawowa;52.432457;17.328668;S;5d;16+387;Poznań;20;15;3;tak;nie;nie;nie;nie;nie;tak;nie;tak;nie;nie;nie;nie;nie;nie;nie;nie;nie
244;Poznań;wielkopolskie;GDDKiA;Kostrzyn;Sanniki;MOP funkcja podstawowa;MOP funkcja podstawowa;52.431401;17.330077;S;5d;16+387;Bydgoszcz;20;15;3;tak;nie;nie;nie;nie;nie;tak;nie;tak;nie;nie;nie;nie;nie;nie;nie;nie;nie
245;Poznań;wielkopolskie;GDDKiA;Kostrzyn;Siekierki;MOP funkcja komercyjna;MOP funkcja komercyjna;52.369065;17.204826;S;5d;27+637;Poznań;59;23;5;tak;tak;tak;nie;nie;nie;tak;tak;tak;tak;nie;nie;tak;tak;nie;nie;nie;nie
246;Poznań;wielkopolskie;GDDKiA;Kostrzyn;Czerlejno;MOP funkcja komercyjna;MOP funkcja komercyjna;52.364912;17.201296;S;5d;28+250;Bydgoszcz;61;23;5;tak;tak;tak;nie;nie;nie;tak;tak;tak;tak;nie;nie;tak;tak;nie;nie;nie;nie
247;Poznań;wielkopolskie;GDDKiA;Bojanowo;Golina Wielka;MOP funkcja komercyjna;MOP funkcja komercyjna;51.68989;16.750083;S;5f;88+500;Poznań;40;55;10;tak;tak;tak;nie;nie;nie;tak;tak;tak;tak;nie;nie;nie;nie;nie;nie;tak;nie
248;Poznań;wielkopolskie;GDDKiA;Bojanowo;Trzebosz;MOP funkcja podstawowa;MOP funkcja podstawowa;51.689797;16.746875;S;5f;88+500;Wrocław;70;59;10;tak;nie;nie;nie;nie;nie;tak;nie;tak;nie;nie;nie;nie;nie;nie;nie;nie;nie
249;Poznań;wielkopolskie;GDDKiA;Rawicz;Dębno;MOP funkcja podstawowa;MOP funkcja podstawowa;51.581887;16.848872;S;5f;103+500;Poznań;28;63;12;tak;nie;nie;nie;nie;nie;tak;nie;tak;nie;nie;nie;nie;nie;nie;nie;nie;nie
250;Poznań;wielkopolskie;GDDKiA;Rawicz;Folwark;MOP funkcja komercyjna;MOP funkcja komercyjna;51.580698;16.846565;S;5f;103+500;Wrocław;30;44;14;tak;tak;tak;nie;nie;nie;tak;tak;tak;tak;nie;nie;tak;nie;nie;nie;tak;nie
251;Poznań;wielkopolskie;GDDKiA;Mieleszyn;Łabiszynek;MOP funkcja podstawowa;MOP funkcja podstawowa;52.608635;17.629078;S;5h;006+200;Bydgoszcz;49;35;3;tak;nie;nie;nie;nie;nie;tak;tak;tak;nie;nie;nie;nie;nie;nie;nie;nie;nie
252;Poznań;wielkopolskie;GDDKiA;Mieleszyn;Modliszewko;MOP funkcja podstawowa;MOP funkcja podstawowa;52.608713;17.626642;S;5h;005+600;Poznań;49;35;3;tak;nie;nie;nie;nie;nie;tak;tak;tak;nie;nie;nie;nie;nie;nie;nie;nie;nie
253;Poznań;wielkopolskie;GDDKiA;Palędzie;Palędzie;MOP funkcja komercyjna;MOP funkcja komercyjna;52.371907;16.765389;S;11c;23+200;Wrocław;43;26;5;tak;tak;tak;nie;nie;tak;tak;tak;tak;tak;nie;nie;tak;tak;nie;nie;nie;nie
254;Poznań;wielkopolskie;GDDKiA;Skórzewo;Skórzewo;MOP funkcja komercyjna;MOP funkcja komercyjna;52.371987;16.767911;S;11c;23+200;Poznań;43;27;5;tak;tak;tak;nie;nie;tak;tak;tak;tak;tak;nie;nie;tak;tak;nie;nie;nie;nie
255;Poznań;łódzkie;GDDKiA;Sokolniki;Ochędzyn;MOP funkcja podstawowa;MOP funkcja podstawowa;51.310363;18.241135;S;8e;119+100;Warszawa;45;43;3;tak;nie;nie;nie;nie;nie;tak;tak;tak;nie;nie;nie;nie;tak;nie;nie;nie;nie
256;Poznań;łódzkie;GDDKiA;Sokolniki;Niwiska;MOP funkcja podstawowa;MOP funkcja podstawowa;51.311399;18.240706;S;8e;119+100;Wrocław;46;43;3;tak;nie;nie;nie;nie;nie;tak;tak;tak;nie;nie;nie;nie;tak;nie;nie;nie;nie
257;Poznań;wielkopolskie;GDDKiA;Lipno;Gołanice;MOP funkcja podstawowa;MOP funkcja podstawowa;51.88195;16.509658;S;5i;7+100;Wrocław;67;30;4;tak;nie;nie;nie;nie;tak;tak;tak;tak;tak;nie;nie;nie;nie;nie;nie;nie;nie
258;Poznań;wielkopolskie;GDDKiA;Lipno;Wilkowice;MOP funkcja podstawowa;MOP funkcja komercyjna;51.884158;16.51205;S;5i;7+100;Poznań;39;28;4;tak;nie;nie;nie;nie;tak;tak;tak;tak;tak;nie;nie;tak;nie;nie;nie;nie;nie
259;Poznań;wielkopolskie;GDDKiA;Kokorzyn;Kokorzyn;MOP funkcja komercyjna;MOP funkcja komercyjna;52.094715;16.608576;S;5k;16+000;Wrocław;53;40;6;tak;tak;tak;nie;tak;tak;tak;tak;tak;tak;nie;nie;tak;nie;nie;nie;tak;nie
260;Poznań;wielkopolskie;GDDKiA;Sierakowo;Sierakowo;MOP funkcja komercyjna;MOP funkcja komercyjna;52.093607;16.610722;S;5k;16+000;Poznań;53;40;6;tak;tak;tak;nie;tak;tak;tak;tak;tak;tak;nie;nie;tak;nie;nie;nie;tak;nie
261;Poznań;wielkopolskie;GDDKiA;Zamysłowo;Zamysłowo;MOP funkcja podstawowa;MOP funkcja komercyjna;52.238295;16.675797;S;5e;14+900;Poznań;108;30;18;tak;nie;nie;nie;nie;nie;tak;tak;tak;tak;nie;nie;nie;nie;nie;nie;nie;nie
262;Poznań;wielkopolskie;GDDKiA;Wronczyn;Wronczyn;MOP funkcja podstawowa;MOP funkcja podstawowa;52.238101;16.674102;S;5e;14+900;Wrocław;54;29;7;tak;nie;nie;nie;nie;nie;tak;tak;tak;nie;nie;nie;nie;nie;nie;nie;nie;nie
263;Poznań;wielkopolskie;GDDKiA;Kierzno;Kierzno Północ;MOP funkcja komercyjna;MOP funkcja komercyjna;51.323184;18.068306;S;8e;105+400;Wrocław;80;45;4;tak;tak;tak;nie;nie;nie;tak;tak;tak;tak;nie;nie;tak;tak;nie;nie;nie;nie
264;Poznań;wielkopolskie;GDDKiA;Kierzno;Kierzno Południe;MOP funkcja komercyjna;MOP funkcja komercyjna;51.321488;18.069014;S;8e;105+400;Warszawa;80;45;4;tak;tak;tak;nie;nie;nie;tak;tak;tak;tak;nie;nie;tak;tak;nie;nie;nie;nie
265;Poznań;wielkopolskie;GDDKiA;Jaryszki;Jaryszki;MOP funkcja komercyjna;MOP funkcja komercyjna;52.3333200445406;17.01898212407;S;11A;2+132;Poznań;14;7;7;tak;tak;tak;nie;nie;nie;tak;tak;tak;nie;nie;nie;nie;nie;nie;nie;nie;nie
266;Rzeszów;podkarpackie;GDDKiA;Jaźwiny;Jastrząbka;MOP funkcja podstawowa;MOP funkcja podstawowa;50.09808;21.22138;A;4;518+358;Jędrzychowice;158;43;10;tak;nie;nie;nie;nie;nie;tak;tak;tak;nie;nie;nie;nie;tak;nie;nie;nie;nie
267;Rzeszów;podkarpackie;GDDKiA;Jaźwiny;Jawornik;MOP funkcja podstawowa;MOP funkcja podstawowa;50.09724;21.22349;A;4;518+025;Korczowa;158;43;10;tak;nie;nie;nie;nie;nie;tak;tak;tak;nie;nie;nie;nie;tak;nie;nie;nie;nie
268;Rzeszów;podkarpackie;GDDKiA;Paszczyna;Paszczyna Południe;MOP funkcja podstawowa;MOP funkcja komercyjna;50.09651;21.51993;A;4;540+863;Korczowa;79;45;5;tak;nie;nie;nie;nie;nie;tak;tak;tak;tak;nie;nie;tak;tak;nie;nie;nie;nie
269;Rzeszów;podkarpackie;GDDKiA;Paszczyna;Paszczyna Północ;MOP funkcja komercyjna;MOP funkcja komercyjna;50.09756;21.51839;A;4;541+365;Jędrzychowice;84;43;5;tak;tak;tak;nie;tak;nie;tak;tak;tak;tak;nie;nie;tak;tak;nie;nie;nie;nie
270;Rzeszów;podkarpackie;GDDKiA;Bratkowice;Dąbry;MOP funkcja podstawowa;MOP funkcja podstawowa;50.10952;21.84501;A;4;564+816;Korczowa;172;40;12;tak;nie;nie;nie;nie;nie;tak;tak;tak;nie;nie;nie;tak;tak;nie;nie;nie;nie
271;Rzeszów;podkarpackie;GDDKiA;Bratkowice;Bratkowice;MOP funkcja podstawowa;MOP funkcja podstawowa;50.11074;21.84527;A;4;565+288;Jędrzychowice;175;40;12;tak;nie;nie;nie;nie;nie;tak;tak;tak;nie;nie;nie;tak;tak;nie;nie;nie;nie
272;Rzeszów;podkarpackie;GDDKiA;Palikówka;Łukawiec;MOP funkcja podstawowa;MOP funkcja komercyjna;50.09089;22.16614;A;4;588+600;Jędrzychowice;63;37;0;tak;nie;nie;nie;nie;nie;tak;nie;tak;tak;nie;nie;tak;nie;nie;nie;nie;nie
273;Rzeszów;podkarpackie;GDDKiA;Krzemienica;Palikówka;MOP funkcja komercyjna;MOP funkcja komercyjna;50.08932;22.17554;A;4;589+300;Korczowa;113;39;0;tak;tak;tak;tak;nie;tak;tak;tak;tak;tak;nie;nie;tak;tak;nie;nie;nie;nie
274;Rzeszów;podkarpackie;GDDKiA;Budy Łańcuckie;Budy;MOP funkcja podstawowa;MOP funkcja podstawowa;50.11294;22.40745;A;4;606+550;Jędrzychowice;53;16;0;tak;nie;nie;nie;tak;nie;tak;nie;tak;nie;nie;nie;nie;nie;nie;nie;nie;nie
275;Rzeszów;podkarpackie;GDDKiA;Budy Łańcuckie;Młyniska;MOP funkcja podstawowa;MOP funkcja podstawowa;50.11191;22.4079;A;4;606+550;Korczowa;53;16;0;tak;nie;nie;nie;tak;nie;tak;nie;tak;nie;nie;nie;nie;nie;nie;nie;nie;nie
276;Rzeszów;podkarpackie;GDDKiA;Cieszacin Wielki;Pawłosiów;MOP funkcja podstawowa;MOP funkcja komercyjna;49.99488;22.60802;A;4;628+064;Jędrzychowice;60;22;3;tak;nie;nie;nie;nie;nie;tak;nie;tak;tak;nie;nie;tak;tak;nie;nie;nie;nie
277;Rzeszów;podkarpackie;GDDKiA;Cieszacin Wielki;Cieszacin;MOP funkcja podstawowa;MOP funkcja komercyjna;49.99398;22.6061;A;4;627+814;Korczowa;60;22;3;tak;nie;nie;nie;nie;nie;tak;nie;tak;tak;nie;nie;tak;tak;nie;nie;nie;nie
278;Rzeszów;podkarpackie;GDDKiA;Kaszyce;Zamiechów;MOP funkcja podstawowa;MOP funkcja podstawowa;49.91755;22.75471;A;4;642+456;Jędrzychowice;40;16;2;tak;nie;nie;nie;nie;nie;tak;nie;tak;nie;nie;nie;tak;nie;nie;nie;nie;nie
279;Rzeszów;podkarpackie;GDDKiA;Zamiechów;Kaszyce;MOP funkcja podstawowa;MOP funkcja podstawowa;49.91586;22.76302;A;4;642+656;Korczowa;40;16;2;tak;nie;nie;nie;nie;nie;tak;nie;tak;nie;nie;nie;tak;nie;nie;nie;nie;nie
280;Rzeszów;podkarpackie;GDDKiA;Chotyniec;Chotyniec;MOP funkcja podstawowa;MOP funkcja komercyjna;49.9484;23.02183;A;4;665+250;Jędrzychowice;104;29;6;tak;nie;nie;nie;nie;nie;tak;nie;tak;tak;nie;nie;tak;tak;nie;nie;nie;nie
281;Rzeszów;podkarpackie;GDDKiA;Chotyniec;Hruszowice;MOP funkcja podstawowa;MOP funkcja komercyjna;49.94771;23.02461;A;4;662+350;Korczowa;104;180;6;tak;nie;nie;nie;nie;nie;tak;nie;tak;tak;nie;nie;tak;tak;nie;nie;nie;nie
282;Rzeszów;podkarpackie;GDDKiA;Domostawa;Bukowa II;MOP funkcja podstawowa;MOP funkcja podstawowa;50.611802;22.28918;S;19;398+088;Rzeszów;22;18;5;tak;nie;nie;nie;nie;nie;tak;tak;tak;tak;nie;nie;tak;tak;nie;nie;nie;nie
283;Rzeszów;podkarpackie;GDDKiA;Domostawa;Bukowa I;MOP funkcja podstawowa;MOP funkcja podstawowa;50.611873;22.290904;S;19;398+088;Lublin;22;18;5;tak;nie;nie;nie;nie;nie;tak;tak;tak;tak;nie;nie;tak;tak;nie;nie;nie;nie
284;Rzeszów;podkarpackie;GDDKiA;Jeżowe;Podgórze;MOP funkcja podstawowa;MOP funkcja komercyjna;50.386812;22.156492;S;19;428+400;Rzeszów;29;20;5;tak;nie;nie;nie;nie;nie;tak;tak;tak;tak;nie;nie;tak;tak;nie;nie;nie;nie
285;Rzeszów;podkarpackie;GDDKiA;Jeżowe;Jeżowe;MOP funkcja podstawowa;MOP funkcja komercyjna;50.388114;22.157486;S;19;428+400;Lublin;22;20;3;tak;nie;nie;nie;nie;nie;tak;tak;tak;tak;nie;nie;tak;tak;nie;nie;nie;nie
286;Rzeszów;podkarpackie;GDDKiA;Kamień;Kamień Zachód;MOP funkcja podstawowa;MOP funkcja podstawowa;50.2856058917977;22.1113101601496;S;19;444+000;Rzeszów;18;11;2;tak;nie;nie;nie;nie;nie;tak;tak;tak;tak;nie;nie;tak;tak;nie;nie;nie;nie
287;Rzeszów;podkarpackie;GDDKiA;Kamień;Kamień Wschód;MOP funkcja podstawowa;MOP funkcja podstawowa;50.2855287559723;22.1127866657854;S;19;444+000;Lublin;18;11;2;tak;nie;nie;nie;nie;nie;tak;tak;tak;tak;nie;nie;tak;tak;nie;nie;nie;nie
288;Szczecin;zachodniopomorskie;Prywatny;Żdżary;OOUR;Parking prywatny;Parking prywatny;53.581524;14.812446;S;3;67+353;Świnoujuście;48;4;0;tak;tak;tak;nie;nie;tak;tak;tak;tak;nie;nie;nie;nie;tak;nie;nie;nie;nie
289;Szczecin;zachodniopomorskie;Prywatny;Łozienica;OOUR;Parking prywatny;Parking prywatny;53.545771;14.801141;S;3;71+700;Gorzów Wlkp.;52;5;0;tak;tak;tak;nie;nie;tak;tak;tak;tak;nie;nie;nie;nie;tak;nie;nie;nie;nie
290;Szczecin;zachodniopomorskie;Prywatny;Barnisław;OOUR;Parking prywatny;Parking prywatny;53.338436;14.423056;A;6;0+950;Berlin;93;24;6;tak;tak;tak;nie;tak;tak;tak;tak;tak;nie;tak;nie;nie;tak;nie;nie;nie;nie
291;Szczecin;zachodniopomorskie;Prywatny;Barnisław;OOUR;Parking prywatny;Parking prywatny;53.336841;14.423271;A;6;0+950;Szczecin;98;84;8;tak;tak;tak;nie;tak;tak;tak;tak;tak;nie;nie;nie;nie;tak;nie;nie;nie;nie
292;Szczecin;zachodniopomorskie;Prywatny;Kołbaskowo;OOUR;Parking prywatny;Parking prywatny;53.342177;14.451723;A;6;3+000;Berlin;27;31;0;tak;tak;tak;nie;nie;tak;tak;tak;tak;tak;nie;nie;nie;tak;nie;nie;nie;nie
293;Szczecin;zachodniopomorskie;GDDKiA;Wysoka;Wysoka Zachód;MOP funkcja komercyjna;MOP funkcja komercyjna;53.305682;14.582623;S;3;3+900 ;Gorzów Wlkp.;91;23;2;tak;tak;tak;nie;nie;tak;tak;tak;tak;tak;nie;nie;tak;tak;nie;nie;nie;nie
294;Szczecin;zachodniopomorskie;GDDKiA;Wysoka;Wysoka Wschód;MOP funkcja komercyjna;MOP funkcja komercyjna;53.306139;14.585083;S;3;3+900 ;Szczecin;87;25;3;tak;tak;tak;tak;nie;tak;tak;tak;tak;tak;nie;nie;tak;tak;nie;nie;nie;nie
295;Szczecin;zachodniopomorskie;GDDKiA;Kunowo;Kunowo Zachód;MOP funkcja podstawowa;MOP funkcja podstawowa;53.151853;14.711559;S;3;23+500 ;Gorzów Wlkp.;34;12;3;tak;nie;nie;nie;tak;tak;tak;nie;tak;nie;nie;nie;nie;tak;nie;nie;nie;nie
296;Szczecin;zachodniopomorskie;GDDKiA;Kunowo;Kunowo Wschód;MOP funkcja podstawowa;MOP funkcja podstawowa;53.152421;14.713202;S;3;23+500 ;Szczecin;34;12;3;tak;nie;nie;nie;tak;tak;tak;nie;tak;nie;nie;nie;nie;tak;nie;nie;nie;nie
297;Szczecin;zachodniopomorskie;GDDKiA;Sitno;Sitno Wschód;MOP funkcja komercyjna;MOP funkcja komercyjna;53.051823;14.866857;S;3;39+900 ;Szczecin;119;25;2;tak;tak;tak;nie;nie;tak;tak;tak;tak;tak;nie;nie;tak;tak;nie;nie;nie;nie
298;Szczecin;zachodniopomorskie;GDDKiA;Sitno;Sitno Zachód;MOP funkcja komercyjna;MOP funkcja komercyjna;53.051509;14.864341;S;3;39+900 ;Gorzów Wlkp.;87;35;5;tak;tak;tak;nie;nie;tak;tak;tak;tak;tak;nie;nie;tak;tak;nie;nie;nie;nie
299;Szczecin;zachodniopomorskie;GDDKiA;Jarkowo Południe;Jarkowo Południe;MOP funkcja komercyjna;MOP funkcja komercyjna;53.986716;15.435521;S;6;67+673;Koszalin;67;18;3;tak;tak;tak;nie;tak;nie;tak;tak;tak;tak;nie;nie;tak;tak;nie;nie;nie;nie
300;Szczecin;zachodniopomorskie;GDDKiA;Jarkowo Północ;Jarkowo Północ;MOP funkcja komercyjna;MOP funkcja komercyjna;53.988521;15.434439;S;6;68+183;Szczecin;68;28;2;tak;tak;tak;nie;tak;nie;tak;tak;tak;tak;nie;nie;tak;tak;nie;nie;nie;nie
301;Szczecin;zachodniopomorskie;GDDKiA;Wyszogóra;Wyszogóra Zachód;MOP funkcja komercyjna;MOP funkcja komercyjna;53.743231;15.211664;S;6;35+400 ;Szczecin;67;18;2;tak;nie;nie;nie;tak;nie;tak;tak;tak;tak;nie;nie;tak;tak;nie;nie;nie;nie
302;Szczecin;zachodniopomorskie;GDDKiA;Wyszogóra;Wyszogóra Wschód;MOP funkcja komercyjna;MOP funkcja komercyjna;53.742635;15.214222;S;6;34+800;Koszalin;67;18;2;tak;nie;nie;nie;tak;nie;tak;tak;tak;tak;nie;nie;tak;tak;nie;nie;nie;nie
303;Szczecin;zachodniopomorskie;GDDKiA;Tymień Północ;Tymień Północ;MOP funkcja podstawowa;MOP funkcja podstawowa;54.191411;15.859089;S;6;108+713;Szczecin;60;19;1;tak;nie;nie;nie;nie;nie;tak;tak;tak;tak;nie;nie;tak;tak;nie;nie;nie;nie
304;Szczecin;zachodniopomorskie;GDDKiA;Tymień Południe;Tymień Południe;MOP funkcja podstawowa;MOP funkcja podstawowa;54.189732;15.858948;S;6;108+713;Koszalin;60;20;1;tak;nie;nie;nie;nie;nie;tak;tak;tak;tak;nie;nie;tak;tak;nie;nie;nie;nie
305;Szczecin;zachodniopomorskie;GDDKiA;Przybiernów;Przybiernów Zachód;MOP funkcja podstawowa;MOP funkcja komercyjna;53.767585;14.780252;S;3;45+460;Kołbaskowo;68;20;3;tak;nie;nie;nie;nie;nie;tak;tak;tak;tak;nie;nie;tak;tak;nie;nie;nie;nie
306;Szczecin;zachodniopomorskie;GDDKiA;Przybiernów;Przybiernów Wschód;MOP funkcja podstawowa;MOP funkcja komercyjna;53.767471;14.781776;S;3;45+460;Świnoujuście;68;20;3;tak;nie;nie;nie;nie;nie;tak;tak;tak;tak;nie;nie;tak;tak;nie;nie;nie;nie
307;Szczecin;zachodniopomorskie;GDDKiA;Dargiń;Dargiń Południe;MOP funkcja podstawowa;MOP funkcja komercyjna;54.027012;16.412451;S;11;33+000;Szczecinek;54;20;6;tak;nie;nie;nie;nie;nie;tak;nie;tak;tak;nie;nie;tak;tak;nie;nie;nie;nie
308;Szczecin;zachodniopomorskie;GDDKiA;Dargiń;Dargiń Północ;MOP funkcja podstawowa;MOP funkcja komercyjna;54.027642;16.413829;S;11;33+000;Koszalin;54;20;6;tak;nie;nie;nie;nie;nie;tak;nie;tak;tak;nie;nie;tak;tak;nie;nie;nie;nie
309;Szczecin;zachodniopomorskie;GDDKiA;Niekłonice;Niekłonice Wschód;MOP funkcja podstawowa;MOP funkcja komercyjna;54.148374;16.130491;S;11;4+800;Szczecinek;54;20;5;tak;nie;nie;nie;nie;nie;tak;nie;tak;tak;nie;nie;tak;tak;nie;nie;nie;nie
310;Szczecin;zachodniopomorskie;GDDKiA;Niekłonice;Niekłonice Zachód;MOP funkcja podstawowa;MOP funkcja komercyjna;54.150153;16.136758;S;11;4+800;Koszalin;54;20;5;tak;nie;nie;nie;nie;nie;tak;nie;tak;tak;nie;nie;tak;tak;nie;nie;nie;nie
311;Warszawa;mazowieckie;GDDKiA;Baranów;Baranów Północ;MOP funkcja komercyjna;MOP funkcja komercyjna;52.111579;20.464546;A;2;427+600;Poznań;198;35;6;tak;tak;tak;nie;tak;nie;tak;tak;tak;tak;nie;nie;tak;tak;nie;nie;nie;nie
312;Warszawa;mazowieckie;GDDKiA;Baranów;Baranów Południe;MOP funkcja komercyjna;MOP funkcja komercyjna;52.109503;20.46107;A;2;426+900;Warszawa;111;25;6;tak;tak;tak;nie;nie;nie;tak;tak;tak;tak;nie;nie;tak;tak;nie;nie;nie;nie
313;Warszawa;mazowieckie;GDDKiA;Brwinów;Brwinów Północ;MOP funkcja komercyjna;MOP funkcja komercyjna;52.155763;20.685806;A;2;443+800;Poznań;90;25;9;tak;tak;tak;nie;tak;nie;tak;tak;tak;tak;nie;nie;tak;tak;nie;nie;nie;nie
314;Warszawa;mazowieckie;GDDKiA;Brwinów;Brwinów Południe;MOP funkcja komercyjna;MOP funkcja komercyjna;52.154605;20.686273;A;2;443+100;Warszawa;150;35;8;tak;tak;tak;nie;tak;nie;tak;tak;tak;tak;nie;nie;tak;tak;nie;nie;nie;nie
315;Warszawa;mazowieckie;GDDKiA;Jakubów;Moczydła;MOP funkcja podstawowa;MOP funkcja komercyjna;52.20389;21.719099;A;2;537+599;Warszawa;48;15;8;tak;nie;nie;nie;nie;tak;tak;nie;tak;tak;nie;nie;tak;tak;nie;nie;nie;nie
316;Warszawa;mazowieckie;GDDKiA;Jakubów;Jędrzejów;MOP funkcja podstawowa;MOP funkcja komercyjna;52.202318;21.719099;A;2;536+845;Terespol;63;22;8;tak;nie;nie;nie;nie;tak;tak;nie;tak;tak;nie;nie;tak;tak;nie;nie;nie;nie
317;Warszawa;mazowieckie;GDDKiA;Ostrów Kania;Ostrów Kania Północ;MOP funkcja komercyjna;MOP funkcja komercyjna;52.213386;21.460903;A;2;502+800;Warszawa;92;24;6;tak;tak;tak;nie;nie;nie;tak;tak;tak;tak;nie;nie;tak;tak;nie;nie;nie;nie
318;Warszawa;mazowieckie;GDDKiA;Ostrów Kania;Ostrów Kania Południe;MOP funkcja komercyjna;MOP funkcja komercyjna;52.211541;21.46027;A;2;502+800;Terespol;100;22;6;tak;tak;tak;nie;nie;nie;tak;tak;tak;tak;nie;nie;tak;tak;nie;nie;nie;nie
319;Warszawa;mazowieckie;Prywatny;Worów;OOUR;Parking prywatny;Parking prywatny;51.87967;20.854703;S;7;413+800;Kraków;35;20;10;tak;tak;tak;tak;nie;nie;tak;tak;tak;nie;nie;nie;nie;nie;nie;nie;nie;nie
320;Warszawa;mazowieckie;Prywatny;Grójec;OOUR;Parking prywatny;Parking prywatny;51.868362;20.852026;S;7;415+200;Warszawa;28;0;0;tak;tak;tak;nie;tak;nie;tak;tak;tak;nie;nie;nie;nie;tak;nie;nie;nie;nie
321;Warszawa;mazowieckie;Prywatny;Skurów;OOUR;Parking prywatny;Parking prywatny;51.834697;20.877857;S;7;419+525;Warszawa;10;0;0;tak;tak;tak;nie;nie;nie;tak;tak;tak;nie;nie;nie;nie;nie;nie;nie;nie;nie
322;Warszawa;mazowieckie;Prywatny;Skurów;OOUR;Parking prywatny;Parking prywatny;51.833481;20.877005;S;7;419+582;Kraków;30;0;0;tak;nie;tak;tak;nie;nie;tak;tak;tak;nie;nie;nie;nie;tak;nie;nie;nie;nie
323;Warszawa;mazowieckie;Prywatny;Broniszew;OOUR;Parking prywatny;Parking prywatny;51.746745;20.909379;S;7;429+500;Kraków;27;4;0;tak;tak;tak;tak;nie;nie;tak;tak;tak;nie;nie;nie;nie;tak;nie;nie;nie;nie
324;Warszawa;mazowieckie;Prywatny;Broniszew;OOUR;Parking prywatny;Parking prywatny;51.744958;20.911664;S;7;429+700;Warszawa;30;10;10;tak;tak;tak;tak;tak;nie;tak;tak;tak;nie;nie;nie;nie;nie;nie;nie;nie;nie
325;Warszawa;mazowieckie;Prywatny;Promna Kolonia;OOUR;Parking prywatny;Parking prywatny;51.698445;20.929765;S;7;435+000;Kraków;20;20;4;tak;tak;tak;tak;tak;nie;tak;nie;tak;nie;nie;nie;nie;tak;nie;nie;nie;nie
326;Warszawa;mazowieckie;Prywatny;Promna Kolonia;OOUR;Parking prywatny;Parking prywatny;51.693699;20.932931;S;7;435+550;Warszawa;7;4;2;tak;nie;nie;nie;nie;nie;tak;tak;tak;nie;nie;nie;nie;nie;nie;nie;nie;nie
327;Warszawa;mazowieckie;Prywatny;Sucha Wschodnia;OOUR;Parking prywatny;Parking prywatny;51.623141;20.973331;S;7;444+600;Warszawa;50;2;1;tak;tak;tak;tak;nie;nie;tak;tak;tak;nie;nie;nie;nie;nie;nie;nie;nie;nie
328;Warszawa;mazowieckie;Prywatny;Sucha;OOUR;Parking prywatny;Parking prywatny;51.62035;20.973969;S;7;444+700;Kraków;40;10;10;tak;tak;tak;tak;tak;nie;tak;tak;tak;nie;nie;nie;nie;nie;nie;nie;nie;nie
329;Warszawa;mazowieckie;Prywatny;Kamień;OOUR;Parking prywatny;Parking prywatny;51.600228;20.988211;S;7;447+100;Kraków;50;6;6;tak;nie;tak;tak;nie;nie;tak;nie;tak;nie;nie;nie;nie;nie;nie;nie;nie;nie
330;Warszawa;mazowieckie;Prywatny;Kiełbów;OOUR;Parking prywatny;Parking prywatny;51.576618;21.007774;S;7;450+100;Kraków;20;5;5;tak;nie;tak;tak;nie;nie;tak;nie;tak;nie;nie;nie;nie;nie;nie;nie;nie;nie
331;Warszawa;mazowieckie;Prywatny;Gózd;OOUR;Parking prywatny;Parking prywatny;51.570465;21.018928;S;7;451+100;Kraków;20;20;4;tak;nie;tak;tak;nie;nie;tak;nie;tak;nie;nie;nie;nie;nie;nie;nie;nie;nie
332;Warszawa;mazowieckie;Prywatny;Gózd;OOUR;Parking prywatny;Parking prywatny;51.57064;21.020461;S;7;451+200;Warszawa;15;10;4;tak;tak;tak;nie;nie;nie;tak;tak;tak;nie;nie;nie;nie;nie;nie;nie;nie;nie
333;Warszawa;mazowieckie;Prywatny;Żdżary;OOUR;Parking prywatny;Parking prywatny;51.542074;21.059821;S;7;455+500;Kraków;10;10;4;tak;tak;tak;nie;nie;nie;tak;tak;tak;nie;nie;nie;nie;tak;nie;nie;nie;nie
334;Warszawa;mazowieckie;GDDKiA;Pepłowo;Pepłowo Wschód;MOP funkcja podstawowa;MOP funkcja komercyjna;53.20132;20.43642;S;7;49+392;Gdańsk;96;26;7;tak;nie;nie;nie;nie;tak;tak;tak;tak;tak;nie;nie;tak;tak;nie;nie;nie;nie
335;Warszawa;mazowieckie;GDDKiA;Pepłowo;Pepłowo Zachód;MOP funkcja podstawowa;MOP funkcja komercyjna;53.20093;20.43396;S;7;49+392;Warszawa;103;28;7;tak;nie;nie;nie;nie;tak;tak;tak;tak;tak;nie;nie;tak;tak;nie;nie;nie;nie
336;Warszawa;mazowieckie;GDDKiA;Zakrzew;Zakrzew Wschód;MOP funkcja komercyjna;MOP funkcja komercyjna;51.445206;21.035611;S;7;11+500;Warszawa;61;30;5;tak;tak;tak;nie;tak;nie;tak;tak;tak;tak;nie;nie;tak;tak;nie;nie;nie;nie
337;Warszawa;mazowieckie;GDDKiA;Zakrzew;Zakrzew Zachód;MOP funkcja podstawowa;MOP funkcja komercyjna;51.442832;21.033176;S;7;468+070;Kraków;51;30;6;tak;nie;nie;nie;nie;tak;tak;nie;tak;tak;nie;nie;tak;tak;nie;nie;nie;nie
338;Warszawa;mazowieckie;Prywatny;Barak;OOUR;Parking prywatny;Parking prywatny;51.191905;20.860624;S;7;504+200;Warszawa;50;20;10;tak;tak;tak;tak;nie;nie;tak;tak;tak;nie;nie;nie;nie;tak;nie;nie;nie;nie
339;Warszawa;mazowieckie;Prywatny;Gurba;OOUR;Parking prywatny;Parking prywatny;51.951284;20.491955;S;8;411+200;Warszawa;20;15;0;tak;tak;tak;nie;nie;nie;tak;nie;tak;nie;nie;nie;nie;tak;nie;nie;nie;nie
340;Warszawa;mazowieckie;Prywatny;Mszczonów;OOUR;Parking prywatny;Parking prywatny;51.975254;20.504074;S;8;414+180;Wrocław;40;10;10;tak;nie;tak;tak;nie;nie;tak;tak;tak;nie;nie;nie;nie;tak;nie;nie;nie;nie
341;Warszawa;mazowieckie;Prywatny;Radziejowice;OOUR;Parking prywatny;Parking prywatny;51.993914;20.546131;S;8;417+865;Wrocław;30;10;6;tak;tak;tak;nie;nie;nie;tak;tak;tak;nie;nie;nie;nie;nie;nie;nie;nie;nie
342;Warszawa;mazowieckie;GDDKiA;Krze;Krze;MOP funkcja komercyjna;MOP funkcja komercyjna;52.003943;20.589856;S;8;421+300;Warszawa;102;44;5;tak;tak;tak;nie;nie;nie;tak;nie;tak;tak;nie;nie;tak;tak;nie;nie;nie;nie
343;Warszawa;mazowieckie;GDDKiA;Żabia Wola;Żabia Wola;MOP funkcja komercyjna;MOP funkcja komercyjna;52.028964;20.674437;S;8;427+600;Warszawa;90;54;5;tak;tak;tak;tak;tak;nie;tak;nie;tak;tak;nie;nie;tak;tak;nie;nie;nie;nie
344;Warszawa;mazowieckie;GDDKiA;Przeszkoda;Przeszkoda;MOP funkcja komercyjna;MOP funkcja komercyjna;52.039397;20.697191;S;8;429+750;Wrocław;99;51;5;tak;tak;tak;nie;tak;nie;tak;nie;tak;tak;nie;nie;tak;tak;nie;nie;nie;nie
345;Warszawa;mazowieckie;GDDKiA;Urzut;Urzut;MOP funkcja komercyjna;MOP funkcja komercyjna;52.06610955;20.747464;S;8;434+400;Wrocław;121;41;7;tak;tak;tak;nie;nie;nie;tak;nie;tak;tak;nie;nie;tak;tak;nie;nie;nie;nie
346;Warszawa;mazowieckie;Prywatny;Emilianów;OOUR;Parking prywatny;Parking prywatny;52.441685;21.247722;S;8;487+390;Białystok;20;20;0;tak;tak;tak;tak;nie;nie;tak;tak;tak;nie;nie;nie;nie;nie;nie;nie;nie;nie
347;Warszawa;mazowieckie;Prywatny;Małopole;OOUR;Parking prywatny;Parking prywatny;52.458226;21.293403;S;8;491+000;Białystok;101;50;0;tak;tak;tak;nie;nie;nie;tak;tak;tak;nie;nie;nie;nie;nie;nie;nie;nie;nie
348;Warszawa;mazowieckie;Prywatny;Trojany;OOUR;Parking prywatny;Parking prywatny;52.469903;21.321521;S;8;493+500;Warszawa;20;20;0;tak;tak;tak;nie;nie;nie;tak;tak;tak;nie;tak;nie;nie;nie;nie;nie;nie;nie
349;Warszawa;mazowieckie;Prywatny;Gaj;OOUR;Parking prywatny;Parking prywatny;52.521394;21.408977;S;8;501+750;Warszawa;20;3;0;tak;tak;tak;tak;nie;tak;tak;tak;tak;nie;tak;nie;nie;tak;nie;nie;nie;nie
350;Warszawa;mazowieckie;GDDKiA;Prosienica;Prosienica;MOP funkcja komercyjna;MOP funkcja komercyjna;52.865441;22.012974;S;8;560+700;Białystok;15;30;0;tak;tak;nie;nie;nie;tak;tak;tak;tak;nie;nie;nie;nie;nie;nie;nie;nie;nie
351;Warszawa;mazowieckie;GDDKiA;Gadka;Kołbiel;MOP funkcja podstawowa;MOP funkcja komercyjna;52.04;21.494167;S;17;24+200;Warszawa;31;23;3;tak;nie;nie;nie;nie;nie;tak;tak;tak;tak;nie;nie;tak;tak;nie;nie;nie;nie
352;Warszawa;mazowieckie;GDDKiA;Lipówki;Pilawa;MOP funkcja komercyjna;MOP funkcja komercyjna;51.958275;21.569398;S;17;34+700;Lublin;56;38;4;tak;tak;tak;nie;nie;tak;tak;tak;tak;tak;nie;nie;tak;tak;nie;nie;nie;nie
353;Warszawa;mazowieckie;GDDKiA;Wola Korycka;Wola Korycka;MOP funkcja komercyjna;MOP funkcja komercyjna;51.75478;21.763753;S;17;64+000;Lublin;114;18;4;tak;tak;tak;nie;tak;tak;tak;tak;tak;tak;nie;nie;tak;tak;nie;nie;nie;nie
354;Warszawa;mazowieckie;GDDKiA;Dłużniewo;Dłużniewo;MOP funkcja podstawowa;MOP funkcja komercyjna;52.69895;20.34182;S;7;111+277;Warszawa;69;30;7;tak;nie;nie;nie;nie;tak;tak;tak;tak;tak;nie;nie;tak;tak;nie;nie;nie;nie
355;Warszawa;mazowieckie;GDDKiA;Ćwiklinek;Ćwiklinek;MOP funkcja podstawowa;MOP funkcja komercyjna;52.67997;20.36805;S;7;114+052;Gdańsk;84;30;7;tak;nie;nie;nie;nie;tak;tak;tak;tak;tak;nie;nie;tak;tak;nie;nie;nie;nie
356;Warszawa;mazowieckie;GDDKiA;Budykierz;Budykierz;MOP funkcja komercyjna;MOP funkcja komercyjna;52.676321;21.61685;S;8;525+650;Białystok;77;30;4;tak;tak;tak;nie;tak;tak;tak;tak;tak;tak;nie;nie;tak;tak;nie;nie;nie;nie
357;Warszawa;mazowieckie;GDDKiA;Przyjmy;Przyjmy;MOP funkcja komercyjna;MOP funkcja komercyjna;52.713576;21.692676;S;8;523+300;Warszawa;84;30;4;tak;tak;tak;nie;tak;tak;tak;tak;tak;tak;nie;nie;tak;tak;nie;nie;nie;nie
358;Warszawa;mazowieckie;GDDKiA;Mroków;Mroków;MOP funkcja komercyjna;MOP funkcja komercyjna;51.739855;21.782851;S;17;66+000;Warszawa;38;18;4;tak;tak;tak;tak;nie;tak;tak;tak;tak;tak;nie;nie;tak;tak;nie;nie;nie;nie
359;Warszawa;mazowieckie;GDDKiA;Mieszkowo;Mieszkowo Wschód;MOP funkcja podstawowa;MOP funkcja komercyjna;52.03835046279677;20.90979995446208;S;7;13+150;Warszawa;128;56;6;tak;nie;nie;nie;nie;nie;tak;nie;tak;tak;nie;nie;tak;tak;nie;nie;nie;nie
360;Warszawa;mazowieckie;GDDKiA;Mieszkowo;Mieszkowo Zachód;MOP funkcja podstawowa;MOP funkcja komercyjna;52.03894442919751;20.907139203358692;S;7;13+150;Kraków;128;56;6;tak;nie;nie;nie;nie;nie;tak;nie;tak;tak;nie;nie;tak;tak;nie;nie;nie;nie
361;Wrocław;dolnośląskie;GDDKiA;Zgorzelec;Żarska Wieś Północ;MOP funkcja komercyjna;MOP funkcja komercyjna;51.189079;15.107826;A;4;7+950;Zgorzelec;80;58;3;tak;tak;tak;tak;nie;nie;tak;tak;tak;tak;tak;tak;tak;tak;nie;nie;nie;nie
362;Wrocław;dolnośląskie;GDDKiA;Zgorzelec;Żarska Wieś Południe;MOP funkcja komercyjna;MOP funkcja komercyjna;51.189525;15.112368;A;4;8+100;Wrocław;80;73;5;tak;tak;tak;tak;nie;nie;tak;tak;tak;tak;nie;tak;tak;tak;nie;nie;nie;nie
363;Wrocław;dolnośląskie;GDDKiA;Bolesławiec;Kraśnik Dolny;MOP funkcja komercyjna;MOP funkcja komercyjna;51.317383;15.59605;A;4;46+300;Wrocław;55;52;3;tak;tak;tak;tak;tak;nie;tak;tak;tak;tak;nie;tak;tak;tak;nie;nie;nie;nie
364;Wrocław;dolnośląskie;GDDKiA;Oława;Oleśnica Mała;MOP funkcja komercyjna;MOP funkcja komercyjna;50.845752;17.253442;A;4;183+987;Katowice;82;47;3;tak;tak;tak;tak;nie;tak;tak;tak;tak;tak;nie;tak;tak;tak;nie;nie;nie;nie
365;Wrocław;dolnośląskie;GDDKiA;Wiązów;Witowice;MOP funkcja komercyjna;MOP funkcja komercyjna;50.843726;17.254506;A;4;183+887;Wrocław;86;45;3;tak;tak;tak;nie;nie;tak;tak;tak;tak;tak;nie;tak;tak;tak;nie;nie;nie;nie
366;Wrocław;dolnośląskie;GDDKiA;Czerna;Czerna Południe;MOP funkcja podstawowa;MOP funkcja podstawowa;51.247694;15.346069;A;4;26+250;Wrocław;27;14;3;tak;nie;nie;nie;nie;tak;tak;nie;tak;nie;nie;nie;nie;nie;nie;nie;nie;nie
367;Wrocław;dolnośląskie;GDDKiA;Czerna;Czerna Północ;MOP funkcja podstawowa;MOP funkcja podstawowa;51.247859;15.344568;A;4;26+200;Jędrzychowice;27;14;3;tak;nie;nie;nie;nie;tak;tak;nie;tak;nie;nie;nie;nie;nie;nie;nie;nie;nie
368;Wrocław;dolnośląskie;GDDKiA;Żórawina;Krajków Południe;MOP funkcja podstawowa;MOP funkcja podstawowa;50.956542;17.076669;A;4;166+300;Katowice;36;25;0;tak;nie;nie;nie;tak;tak;tak;nie;tak;nie;nie;nie;tak;nie;nie;nie;nie;nie
369;Wrocław;dolnośląskie;GDDKiA;Żórawina;Krajków Północ;MOP funkcja podstawowa;MOP funkcja podstawowa;50.956366;17.078048;A;4;166+600;Wrocław;34;25;0;tak;nie;nie;nie;nie;tak;tak;nie;tak;nie;nie;nie;tak;nie;nie;nie;nie;nie
370;Wrocław;dolnośląskie;GDDKiA;Michałowice Długołęka;Michałowice Południe;MOP funkcja komercyjna;MOP funkcja komercyjna;51.225374;17.201421;S;8;39+450 ;Kępno;143;47;3;tak;tak;tak;nie;tak;tak;tak;tak;tak;tak;nie;nie;tak;tak;nie;nie;nie;nie
371;Wrocław;dolnośląskie;GDDKiA;Michałowice Długołęka;Michałowice Północ;MOP funkcja komercyjna;MOP funkcja komercyjna;51.226879;17.206294;S;8;40+150 ;Wrocław;132;33;0;tak;tak;tak;nie;tak;tak;tak;tak;tak;tak;nie;nie;tak;tak;nie;nie;nie;nie
372;Wrocław;dolnośląskie;GDDKiA;Jonas Oleśnica;Jonas Południe;MOP funkcja podstawowa;MOP funkcja podstawowa;51.23949;17.499421;S;8;61+350 ;Kępno;36;24;4;tak;nie;nie;nie;tak;nie;tak;nie;tak;nie;nie;nie;nie;nie;nie;nie;nie;nie
373;Wrocław;dolnośląskie;GDDKiA;Jonas Oleśnica;Jonas Północ;MOP funkcja podstawowa;MOP funkcja podstawowa;51.240855;17.499344;S;8;61+350 ;Wrocław;36;24;4;tak;nie;nie;nie;tak;nie;tak;nie;tak;nie;nie;nie;nie;nie;nie;nie;nie;nie
374;Wrocław;dolnośląskie;GDDKiA;Syców;Syców Południe;MOP funkcja podstawowa;MOP funkcja podstawowa;51.294348;17.733567;S;8;81+060 ;Kępno;36;24;4;tak;nie;nie;nie;nie;nie;tak;nie;tak;nie;nie;nie;nie;nie;nie;nie;nie;nie
375;Wrocław;dolnośląskie;GDDKiA;Syców;Syców Północ;MOP funkcja podstawowa;MOP funkcja podstawowa;51.297167;17.741484;S;8;81+700 ;Wrocław;36;24;4;tak;nie;nie;nie;nie;nie;tak;nie;tak;nie;nie;nie;nie;nie;nie;nie;nie;nie
376;Wrocław;dolnośląskie;GDDKiA;Borzęcin;Morzęcino Wschód;MOP funkcja komercyjna;MOP funkcja komercyjna;51.435509;16.900365;S;5;121+250;Poznań;159;51;8;tak;tak;tak;nie;nie;tak;tak;tak;tak;tak;nie;nie;tak;tak;nie;nie;nie;nie
377;Wrocław;dolnośląskie;GDDKiA;Borzęcin;Morzęcino Zachód;MOP funkcja komercyjna;MOP funkcja komercyjna;51.437074;16.898498;S;5;121+100;Wrocław;89;37;7;tak;tak;nie;nie;nie;tak;tak;tak;tak;tak;nie;nie;tak;tak;nie;nie;nie;nie
378;Wrocław;dolnośląskie;GDDKiA;Wisznia Mała;Wisznia Mała Wschód;MOP funkcja komercyjna;MOP funkcja komercyjna;51.260579;17.045169;S;5;145+450;Poznań;96;40;10;tak;tak;tak;nie;tak;tak;tak;tak;tak;tak;nie;nie;tak;tak;nie;nie;nie;nie
379;Wrocław;dolnośląskie;GDDKiA;Wisznia Mała;Wisznia Mała Zachód;MOP funkcja komercyjna;MOP funkcja komercyjna;51.260999;17.043523;S;5;145+450;Wrocław;95;44;7;tak;tak;tak;nie;nie;tak;tak;tak;tak;tak;nie;nie;tak;tak;nie;nie;nie;nie
380;Wrocław;dolnośląskie;GDDKiA;Jawor;Jawor Wschód;MOP funkcja komercyjna;MOP funkcja komercyjna;51.072637;16.214553;S;3;316+650;Legnica;80;32;4;tak;tak;tak;tak;tak;nie;tak;tak;tak;tak;nie;nie;tak;tak;nie;nie;nie;nie
381;Wrocław;dolnośląskie;GDDKiA;Mściwojów;Jawor Zachód;MOP funkcja komercyjna;MOP funkcja komercyjna;51.072914;16.212628;S;3;316+750;Lubawka;80;32;4;tak;tak;tak;nie;tak;nie;tak;tak;tak;tak;nie;nie;tak;tak;nie;nie;nie;nie
382;Wrocław;dolnośląskie;GDDKiA;Szklary Górne;Lubin Północ;MOP funkcja komercyjna;MOP funkcja komercyjna;51.460005;16.12071;S;3;264+958;Zielona Góra;89;18;2;tak;tak;tak;nie;nie;tak;tak;tak;tak;tak;nie;nie;tak;tak;nie;nie;nie;nie
383;Wrocław;dolnośląskie;GDDKiA;Moskorzyn;Polkowice;MOP funkcja komercyjna;MOP funkcja komercyjna;51.523847;16.076955;S;3;256+508;Lubawka;68;18;2;tak;tak;tak;nie;nie;tak;tak;tak;tak;tak;nie;nie;tak;tak;nie;nie;nie;nie
384;Wrocław;dolnośląskie;GDDKiA;Kochlice;Kochlice Wschód;MOP funkcja komercyjna;MOP funkcja komercyjna;51.284033;16.151218;S;3;286+358;Zielona Góra;117;35;6;tak;tak;tak;nie;nie;tak;tak;tak;tak;tak;nie;nie;tak;tak;nie;nie;nie;nie
385;Wrocław;dolnośląskie;GDDKiA;Kochlice;Kochlice Zachód;MOP funkcja komercyjna;MOP funkcja komercyjna;51.284075;16.149927;S;3;286+358;Lubawka;127;35;6;tak;tak;tak;nie;nie;tak;tak;tak;tak;tak;nie;nie;tak;tak;nie;nie;nie;nie
386;Wrocław;dolnośląskie;GDDKiA;Jaczków; Jaczków Wschód;MOP funkcja podstawowa;MOP funkcja komercyjna;50.819396;16.090211;S;3;50+390;Legnica;41;39;12;tak;nie;nie;nie;nie;nie;tak;nie;tak;tak;nie;nie;nie;tak;nie;nie;nie;nie
387;Wrocław;dolnośląskie;GDDKiA;Jaczków; Jaczków Zachód;MOP funkcja podstawowa;MOP funkcja komercyjna;50.819640;16.087074;S;3;50+350;Lubawka;41;39;12;tak;nie;nie;nie;nie;nie;tak;nie;tak;tak;nie;nie;nie;tak;nie;nie;nie;nie
388;Wrocław;dolnośląskie;GDDKiA;Krzywa;OOUR;Parking;parking;51.267108;15.811404;A;4;63+660;Zgorzelec;16;9;0;tak;nie;tak;nie;nie;nie;tak;nie;tak;nie;nie;nie;nie;tak;nie;nie;nie;nie
389;Wrocław;dolnośląskie;GDDKiA;Strupice;OOUR;Parking;parking ;51.221239;15.974848;A;4;76+300;Wrocław;17;2;0;tak;nie;nie;nie;nie;nie;tak;nie;nie;nie;nie;nie;nie;nie;nie;nie;nie;nie
390;Wrocław;dolnośląskie;GDDKiA;Pawlikowice;OOUR;Parking;parking ;51.219088;15.980626;A;4;76+700;Zgorzelec;4;1;0;tak;nie;nie;nie;nie;nie;tak;nie;nie;nie;nie;nie;nie;nie;nie;nie;nie;nie
391;Wrocław;dolnośląskie;GDDKiA;Gniewomierz;OOUR;Parking;parking ;51.153361;16.230906;A;4;96+520;Zgorzelec;20;6;0;tak;nie;nie;nie;nie;nie;tak;nie;tak;nie;nie;nie;nie;nie;nie;nie;nie;nie
392;Wrocław;dolnośląskie;GDDKiA;Jarosław;OOUR;Parking;parking ;51.060375;16.518185;A;4;120+015;Wrocław;40;0;0;tak;nie;tak;nie;nie;nie;tak;tak;tak;nie;nie;nie;nie;tak;nie;nie;nie;nie
393;Wrocław;dolnośląskie;GDDKiA;Piotrowce;OOUR;Parking;parking ;51.030607;16.648185;A;4;129+890;Zgorzelec;0;0;0;tak;nie;nie;nie;nie;nie;tak;nie;nie;nie;nie;nie;nie;nie;nie;nie;nie;nie
394;Zielona Góra;lubuskie;Koncesjonariusz - AWSA;Słubice;Gnilec;MOP funkcja komercyjna;MOP funkcja komercyjna;52.325738;14.650901;A;2;5+300;Berlin;65;101;3;tak;tak;tak;nie;tak;nie;tak;tak;tak;tak;nie;nie;tak;tak;nie;nie;nie;nie
395;Zielona Góra;lubuskie;Koncesjonariusz - AWSA;Słubice;Sosna;MOP funkcja komercyjna;MOP funkcja komercyjna;52.323889;14.654801;A;2;5+300;Poznań;65;111;3;tak;tak;tak;nie;tak;nie;tak;tak;tak;tak;nie;nie;tak;tak;nie;nie;nie;nie
396;Zielona Góra;lubuskie;Koncesjonariusz - AWSA;Sulęcin;Koryta;MOP funkcja podstawowa;MOP funkcja podstawowa;52.324776;15.162941;A;2;40+700;Poznań;28;40;3;tak;nie;nie;nie;tak;nie;tak;nie;tak;nie;nie;nie;nie;nie;nie;nie;nie;nie
397;Zielona Góra;lubuskie;Koncesjonariusz - AWSA;Sulęcin;Walewice;MOP funkcja podstawowa;MOP funkcja podstawowa;52.326495;15.162475;A;2;40+700;Berlin;28;40;3;tak;nie;nie;nie;tak;nie;tak;nie;tak;nie;nie;nie;nie;nie;nie;nie;nie;nie
398;Zielona Góra;lubuskie;Koncesjonariusz - AWSA;Międzyrzecz;Chociszewo;MOP funkcja komercyjna;MOP funkcja komercyjna;52.313732;15.781716;A;2;85+300;Berlin;93;54;3;tak;tak;tak;nie;tak;nie;tak;tak;tak;tak;nie;nie;tak;tak;nie;nie;nie;nie
399;Zielona Góra;lubuskie;Koncesjonariusz - AWSA;Świebodzin;Rogozieniec;MOP funkcja komercyjna;MOP funkcja komercyjna;52.312299;15.782832;A;2;85+300;Poznań;93;50;3;tak;tak;tak;nie;tak;nie;tak;tak;tak;tak;nie;nie;tak;tak;nie;nie;nie;nie
400;Zielona Góra;lubuskie;GDDKiA;Marwice;Marwice Zachód;MOP funkcja podstawowa;MOP funkcja podstawowa;52.786914;15.11818;S;3;76+300;Gorzów Wlkp.;51;23;3;tak;nie;nie;nie;tak;nie;tak;nie;tak;tak;nie;nie;tak;tak;nie;nie;nie;nie
401;Zielona Góra;lubuskie;GDDKiA;Marwice;Marwice Wschód;MOP funkcja podstawowa;MOP funkcja podstawowa;52.786972;15.119714;S;3;76+300;Szczecin;53;23;3;tak;nie;nie;nie;tak;nie;tak;nie;tak;tak;nie;nie;tak;tak;nie;nie;nie;nie
402;Zielona Góra;lubuskie;GDDKiA;Skwierzyna;Popowo Zachód;MOP funkcja komercyjna;MOP funkcja komercyjna;52.542343;15.54007;S;3;120+800;Międzyrzecz;108;30;3;tak;tak;tak;nie;nie;tak;tak;tak;tak;tak;nie;nie;tak;tak;nie;nie;nie;nie
403;Zielona Góra;lubuskie;GDDKiA;Skwierzyna;Popowo Wschód;MOP funkcja komercyjna;MOP funkcja komercyjna;52.5419;15.542167;S;3;120+800;Skwierzyna;119;30;3;tak;tak;tak;nie;nie;tak;tak;tak;tak;tak;nie;nie;tak;tak;nie;nie;nie;nie
404;Zielona Góra;lubuskie;GDDKiA;Świebodzin;Kępsko Zachód;MOP funkcja komercyjna;MOP funkcja komercyjna;52.136062;15.575289;S;3;167+600;Zielona Góra;108;36;3;tak;tak;tak;nie;nie;nie;tak;tak;tak;tak;nie;nie;tak;tak;nie;nie;nie;nie
405;Zielona Góra;lubuskie;GDDKiA;Świebodzin;Kępsko Wschód;MOP funkcja komercyjna;MOP funkcja komercyjna;52.135048;15.577357;S;3;167+700;Świebodzin;108;36;3;tak;tak;tak;nie;nie;nie;tak;tak;tak;tak;nie;nie;tak;tak;nie;nie;nie;nie
406;Zielona Góra;lubuskie;GDDKiA;Tuplice;Jagłowice;MOP funkcja komercyjna;MOP funkcja komercyjna;51.648982;14.827595;A;18;6+100;Berlin;60;35;4;tak;tak;tak;nie;nie;nie;tak;tak;tak;tak;nie;nie;tak;tak;nie;nie;nie;nie
407;Zielona Góra;lubuskie;GDDKiA;Tuplice;Trzebiel;MOP funkcja komercyjna;MOP funkcja komercyjna;51.648513;14.826666;A;18;6+100;Wrocław;40;10;0;tak;tak;tak;tak;nie;tak;tak;nie;tak;nie;nie;nie;nie;nie;nie;nie;nie;nie
408;Zielona Góra;lubuskie;GDDKiA;Nowe Żabno;Lisiny Wschód;MOP funkcja podstawowa;MOP funkcja podstawowa;51.74754;15.70465;S;3;218+626;Zielona Góra;53;27;3;tak;nie;nie;nie;nie;nie;tak;nie;tak;tak;nie;nie;tak;tak;nie;nie;nie;nie
409;Zielona Góra;lubuskie;GDDKiA;Drwalewice;Lisiny Zachód;MOP funkcja podstawowa;MOP funkcja podstawowa;51.74752;15.70235;S;3;218+626;Wrocław;53;27;3;tak;nie;nie;nie;nie;nie;tak;nie;tak;tak;nie;nie;tak;tak;nie;nie;nie;nie
410;Zielona Góra;lubuskie;GDDKiA;Zielona Góra;Racula Wschód;MOP funkcja komercyjna;MOP funkcja komercyjna;51.9055;15.58967;S;3;197+800;Zielona Góra;82;34;3;tak;tak;tak;nie;tak;nie;tak;tak;tak;tak;nie;nie;tak;tak;nie;nie;nie;nie
411;Zielona Góra;lubuskie;GDDKiA;Zielona Góra;Racula Zachód;MOP funkcja komercyjna;MOP funkcja komercyjna;51.904617;15.5874;S;3;197+800;Zielona Góra;89;34;3;tak;tak;tak;nie;tak;nie;tak;tak;tak;tak;nie;nie;tak;tak;nie;nie;nie;tak
412;Zielona Góra;lubuskie;GDDKiA;Stożne;Stożne Zachód;MOP funkcja podstawowa;MOP funkcja podstawowa;52.00947951;15.60939351;S;3;183,473;Zielona Góra;65;30;3;tak;nie;nie;nie;nie;nie;tak;tak;tak;tak;nie;nie;tak;tak;nie;nie;nie;nie
413;Zielona Góra;lubuskie;GDDKiA;Stożne;Stożne Wschód;MOP funkcja podstawowa;MOP funkcja podstawowa;52.00815379;15.61031162;S;3;183,473;Gorzów Wlkp.;65;30;3;tak;nie;nie;nie;nie;nie;tak;tak;tak;tak;nie;nie;tak;tak;nie;nie;nie;nie
414;Zielona Góra;lubuskie;GDDKiA;Niegosławice;Niegosławice Zachód;MOP funkcja podstawowa;MOP funkcja komercyjna;51.65678738;15.83133942;S;3;232,5;Wrocław;65;30;3;tak;nie;nie;nie;nie;nie;tak;tak;tak;tak;nie;nie;tak;tak;nie;nie;nie;nie
415;Zielona Góra;lubuskie;GDDKiA;Niegosławice;Niegosławice Wschód;MOP funkcja podstawowa;MOP funkcja komercyjna;51.65553619;15.83702223;S;3;232,5;Zielona Góra;65;30;3;tak;nie;nie;nie;nie;nie;tak;tak;tak;tak;nie;nie;tak;tak;nie;nie;nie;nie
